-- MySQL dump 10.13  Distrib 5.5.15, for Win32 (x86)
--
-- Host: localhost    Database: zsfz
-- ------------------------------------------------------
-- Server version	5.5.15

/*!40101 SET @OLD_CHARACTER_SET_CLIENT=@@CHARACTER_SET_CLIENT */;
/*!40101 SET @OLD_CHARACTER_SET_RESULTS=@@CHARACTER_SET_RESULTS */;
/*!40101 SET @OLD_COLLATION_CONNECTION=@@COLLATION_CONNECTION */;
/*!40101 SET NAMES utf8 */;
/*!40103 SET @OLD_TIME_ZONE=@@TIME_ZONE */;
/*!40103 SET TIME_ZONE='+00:00' */;
/*!40014 SET @OLD_UNIQUE_CHECKS=@@UNIQUE_CHECKS, UNIQUE_CHECKS=0 */;
/*!40014 SET @OLD_FOREIGN_KEY_CHECKS=@@FOREIGN_KEY_CHECKS, FOREIGN_KEY_CHECKS=0 */;
/*!40101 SET @OLD_SQL_MODE=@@SQL_MODE, SQL_MODE='NO_AUTO_VALUE_ON_ZERO' */;
/*!40111 SET @OLD_SQL_NOTES=@@SQL_NOTES, SQL_NOTES=0 */;

--
-- Table structure for table `album`
--

DROP TABLE IF EXISTS `album`;
/*!40101 SET @saved_cs_client     = @@character_set_client */;
/*!40101 SET character_set_client = utf8 */;
CREATE TABLE `album` (
  `id` int(11) NOT NULL AUTO_INCREMENT,
  `guid` varchar(255) NOT NULL,
  `create_time` datetime DEFAULT NULL,
  `archived` tinyint(1) DEFAULT '0',
  `name_` varchar(255) DEFAULT NULL,
  `description` varchar(255) DEFAULT NULL,
  `match_id` int(11) DEFAULT NULL,
  `creator_id` int(11) DEFAULT NULL,
  PRIMARY KEY (`id`),
  UNIQUE KEY `guid` (`guid`),
  KEY `guid_index` (`guid`),
  KEY `match_id_index` (`match_id`),
  KEY `creator_id_index` (`creator_id`)
) ENGINE=InnoDB AUTO_INCREMENT=10 DEFAULT CHARSET=utf8;
/*!40101 SET character_set_client = @saved_cs_client */;

--
-- Dumping data for table `album`
--

LOCK TABLES `album` WRITE;
/*!40000 ALTER TABLE `album` DISABLE KEYS */;
INSERT INTO `album` VALUES (1,'f73231acfe33479490501fd026e425431395497814283','2014-03-22 22:16:54',0,'2013-04-09 球队和环保局比赛照片e','3:1 .2013-04-09 球队和环保局比赛照片xxxx',NULL,NULL),(3,'d7675b0ca53d4b5aadbe048557cd53fe1395502616128','2014-03-22 23:36:56',0,'雅安地震时的比赛照片','雅安地震时的比赛照片, 大家静静地.',NULL,NULL),(4,'2a177f6107164e999bcb043836c57f891395502668189','2014-03-22 23:37:48',0,'afsdfddsfdfsde','asdfsdsfsddsfsd',NULL,NULL),(5,'986d8ea94f4f49fa9433cd56a7ea63241395502934549','2014-03-22 23:42:14',0,'test11','test112',NULL,NULL),(6,'c68b90ca58fe48239084f9b32651b93b1395505102466','2014-03-23 00:18:22',0,'assfeddd','sadfadfs',NULL,NULL),(7,'7a031efe2a4b432dad610769692f4a511395505612046','2014-03-23 00:26:52',1,'qqqq','qqqqqq',NULL,NULL),(8,'91cb61fe1d8948889f48fddfb2b2d7b81395583056113','2014-03-23 21:57:36',0,'2013-04-09 球队和环保局比赛照片','kolkljjjkl',NULL,NULL),(9,'6120c97a128645059b42bf0d657102951395934897293','2014-03-27 23:41:37',0,'test232','33332',NULL,NULL);
/*!40000 ALTER TABLE `album` ENABLE KEYS */;
UNLOCK TABLES;

--
-- Table structure for table `club`
--

DROP TABLE IF EXISTS `club`;
/*!40101 SET @saved_cs_client     = @@character_set_client */;
/*!40101 SET character_set_client = utf8 */;
CREATE TABLE `club` (
  `id` int(11) NOT NULL AUTO_INCREMENT,
  `guid` varchar(255) NOT NULL,
  `create_time` datetime DEFAULT NULL,
  `archived` tinyint(1) DEFAULT '0',
  `name_` varchar(255) DEFAULT NULL,
  `contact` varchar(255) DEFAULT NULL,
  `creator_id` int(11) DEFAULT NULL,
  `remark` text,
  PRIMARY KEY (`id`),
  UNIQUE KEY `guid` (`guid`),
  KEY `guid_index` (`guid`),
  KEY `creator_id_index` (`creator_id`)
) ENGINE=InnoDB AUTO_INCREMENT=40 DEFAULT CHARSET=utf8;
/*!40101 SET character_set_client = @saved_cs_client */;

--
-- Dumping data for table `club`
--

LOCK TABLES `club` WRITE;
/*!40000 ALTER TABLE `club` DISABLE KEYS */;
INSERT INTO `club` VALUES (1,'7999187fec614ede8223ab7f2f5e5a881394980899511','2014-03-16 22:41:39',0,'清江足球队','李四 13300231117(手机) 87658767(QQ号)',NULL,'这球队来自巴中.'),(2,'5c9e5dc742c74a8f930b50d1173041ab1394981250388','2014-03-16 22:47:30',0,'申龙足球队','李明 19876578932',NULL,'老代之前的足球队'),(3,'498440ea528a4aa681f97cbf9ff3cb451394981857205','2014-03-16 22:57:37',1,'asfsdfa','asdfasdf',NULL,''),(4,'3ddeb1322ff748b6a00740c1e4178d6a1394982024894','2014-03-16 23:00:24',0,'环保局足球队','marico 13344334(手机)',NULL,'老对手了, 踢了好几年了.'),(5,'a8174069eef945798d1bed7c58b8137a1395417993882','2014-03-22 00:06:33',0,'国腾电子足球队','李d 13300231117(手机) 87658767(QQ号)',NULL,'国腾电子足球队'),(6,'52b7212407b64f74a8e3bb04db99aa581396800372239','2014-04-07 00:06:12',0,'IBM足球队 ','sss',NULL,'sss'),(7,'ca89a7f4f28645c9a77a583e429e50bf1396847265883','2014-04-07 13:07:45',0,'永信医疗足球队','asfsfd',NULL,'sfsfddfsd'),(8,'6ff5a5b3941240fea729492d1ba34a131396847292342','2014-04-07 13:08:12',0,'电脑城足球队','asf',NULL,'safsfd'),(9,'40bbe85e071342cf88694a78ed91c6191396847306540','2014-04-07 13:08:26',0,'10FC','sdd',NULL,'ddd'),(10,'ba0c27b5465c4456a04bc4bbe0cac1aa1396847324128','2014-04-07 13:08:44',0,'北京西塔足球队','asdf',NULL,'sfsdf'),(11,'859d8ae5b36845cdbe31481bcb5026fe1396847338054','2014-04-07 13:08:58',0,'97联盟','ddd',NULL,'sdd'),(12,'8a9366a481134242ae8e67d73847acbe1396847351778','2014-04-07 13:09:11',0,'凯宴美湖','afsfds',NULL,'saffsdsfd'),(13,'bf2f41ada70b45938889b3aa0ee489411396847370681','2014-04-07 13:09:30',0,'蓉乐足球队','asdf',NULL,'sdfsd'),(14,'529b791fd842449198d52775cbc5ff201396847388668','2014-04-07 13:09:48',0,'聚友联队','ew',NULL,'dssd'),(15,'3bd0ad8df9ba4896813886df658b61861396847411118','2014-04-07 13:10:11',0,'邮政足球队','asfdfdsafds',NULL,'sfsfdsd'),(16,'e7e3ac211408415f91b57afb0d9a32b71396847430460','2014-04-07 13:10:30',0,'并肩足球队','asdfsfd',NULL,'sfd'),(17,'d4741ad5e5364912938a7a15eea4bbea1396847443628','2014-04-07 13:10:43',0,'古镇兄弟','dssdds',NULL,'dsdds'),(18,'819041c0667948159e258301405de6931396847458633','2014-04-07 13:10:58',0,'煤炭设计院','sdsd',NULL,'sdds'),(19,'7ab56b13d0694a9b8adbdb768eba2adc1396847474082','2014-04-07 13:11:14',0,'新电信息','新电信息',NULL,'新电信息新电信息'),(20,'b7deb6630e024f37ba0e641dc184faf71396847490777','2014-04-07 13:11:30',0,'民航2所','dssd',NULL,'sdsdds'),(21,'b6b151b2d69043abb7ebc65c851b69301396847504941','2014-04-07 13:11:44',0,'睿兴电子','睿兴电子',NULL,'睿兴电子睿兴电子'),(22,'ea8f322b5fd04ba7b8d755848be5a02e1396847525576','2014-04-07 13:12:05',0,'远大地产','远大地产',NULL,'远大地产远大地产'),(23,'ad07a4973e6c45a59c89efca1843f2d71396847545193','2014-04-07 13:12:25',0,'新蛋','dsds',NULL,'dsdsd'),(24,'154f0d8419e8450b9187e6cc29dde9c71396847561055','2014-04-07 13:12:41',0,'科分院','科分院',NULL,'科分院v'),(25,'f650d889d870483184411b0d42611d421396847572710','2014-04-07 13:12:52',0,'11厂','11厂',NULL,'11厂11厂'),(26,'b9444805a2ae483587f84c89514826361396847591070','2014-04-07 13:13:11',0,'社火足球队','社火',NULL,'社火社火社火'),(27,'eab50fface7147bbb2d4202bb96c221a1396847613740','2014-04-07 13:13:33',0,'莲花社区','莲花社区',NULL,'莲花社区莲花社区'),(28,'96a342ac381740cbb9f4bb02061ab1341396847634270','2014-04-07 13:13:54',0,'领馆区1号','领馆区1号',NULL,'领馆区1号领馆区1号领馆区1号'),(29,'4513eef4249b44fa86b152b0556443181396847651324','2014-04-07 13:14:11',0,'@世界','@世界@世界',NULL,'@世界@世界@世界'),(30,'21ecda8b19dd4d6286533a73ba4430df1396847663113','2014-04-07 13:14:23',0,'90后','90后90后',NULL,'90后90后'),(31,'d03106050f654165abd8c3ebc25b8f811396847677512','2014-04-07 13:14:37',0,'星辰','星辰星辰',NULL,'星辰星辰'),(32,'fe9f2086121d4f17a3179dd86d85d0bd1396847804421','2014-04-07 13:16:44',0,'力扬地产','力扬地产力扬地产',NULL,'力扬地产力扬地产'),(33,'f1a3b85f2f5746e3aac54a931f7de7171396847819977','2014-04-07 13:16:59',0,'艾莫森','艾莫森',NULL,'艾莫森艾莫森'),(34,'2e57a4c736dd48a9bad16c8c42a9c9201396847838299','2014-04-07 13:17:18',0,'联讯证券','联讯证券联讯证券',NULL,'联讯证券联讯证券联讯证券'),(35,'979b782e9ac24bfe8a09b0a32cbc45461396847850609','2014-04-07 13:17:30',0,'叠拓','叠拓叠拓',NULL,'叠拓叠拓叠拓'),(36,'86ea7c9ab0ee4b319ae359f7e243af441396847879776','2014-04-07 13:17:59',0,'盛夏光年','盛夏光年盛夏光年',NULL,'盛夏光年盛夏光年盛夏光年'),(37,'eb27ca157b8341f89ae2be665507aed31396847907614','2014-04-07 13:18:27',0,'611所','611所611所',NULL,'611所611所611所'),(38,'84f93f7d48e84ad6aea88890a3ef4eb21396849393628','2014-04-07 13:43:13',0,'迪易通','迪易通迪易通',NULL,'迪易通迪易通'),(39,'8da493fc0df4482b87868c2cc87e5aa91396849639431','2014-04-07 13:47:19',0,'神秘','神秘神秘',NULL,'神秘神秘');
/*!40000 ALTER TABLE `club` ENABLE KEYS */;
UNLOCK TABLES;

--
-- Table structure for table `gecko_file`
--

DROP TABLE IF EXISTS `gecko_file`;
/*!40101 SET @saved_cs_client     = @@character_set_client */;
/*!40101 SET character_set_client = utf8 */;
CREATE TABLE `gecko_file` (
  `id` int(11) NOT NULL AUTO_INCREMENT,
  `guid` varchar(255) NOT NULL,
  `create_time` datetime DEFAULT NULL,
  `archived` tinyint(1) DEFAULT '0',
  `name_` varchar(255) DEFAULT NULL,
  `path_` varchar(255) DEFAULT NULL,
  `suffix` varchar(255) DEFAULT NULL,
  `temp_` tinyint(1) DEFAULT '0',
  `size_` int(20) DEFAULT '0',
  `type_` varchar(255) DEFAULT 'GeckoFile',
  `url` varchar(255) DEFAULT NULL,
  `description` varchar(255) DEFAULT NULL,
  `head_photo` tinyint(1) DEFAULT '0',
  `album_id` int(11) DEFAULT NULL,
  PRIMARY KEY (`id`),
  UNIQUE KEY `guid` (`guid`),
  KEY `guid_index` (`guid`),
  KEY `album_id_index` (`album_id`)
) ENGINE=InnoDB AUTO_INCREMENT=51 DEFAULT CHARSET=utf8;
/*!40101 SET character_set_client = @saved_cs_client */;

--
-- Dumping data for table `gecko_file`
--

LOCK TABLES `gecko_file` WRITE;
/*!40000 ALTER TABLE `gecko_file` DISABLE KEYS */;
INSERT INTO `gecko_file` VALUES (1,'e66ab810c04f48bd895606ae5b0b79701395497814778','2014-03-22 22:16:54',0,'3.jpg','e1569709554144ccacd76edef5a1c7d11395497814780','jpg',0,108715,'Photo',NULL,NULL,0,1),(3,'2a0ff06afb994c39be658b10c495dc711395502618102','2014-03-22 23:36:58',0,'2.jpg','543fba51639544aa91302bebb6c59e981395502618102','jpg',0,55178,'Photo',NULL,NULL,0,3),(4,'6bd4c4a2b6094489bf49dc85ba4692a41395502669023','2014-03-22 23:37:49',0,'2.jpg','e610c31a40bd4b4e8c29a5dd8d3098eb1395502669024','jpg',0,55178,'Photo',NULL,NULL,0,4),(5,'f1414e0b056e4c08865e1f879fac17ac1395502669168','2014-03-22 23:37:49',0,'exaple-image.jpg','8b3333e30c3a447eb26aa849a5c8eb491395502669168','jpg',0,180970,'Photo',NULL,NULL,0,4),(6,'99fca75193304d4eb5d0cf4668daa7111395503027153','2014-03-22 23:43:47',0,'3.jpg','844263b1c7184e6682410a5e577807af1395503028817','jpg',0,127446,'Photo',NULL,NULL,0,5),(7,'a4ee17fe4c2d4c398a0d91bfc6e2455c1395503061514','2014-03-22 23:44:21',0,'4.jpg','0cef08ca8f244b45906416ed20ebe3141395503064626','jpg',0,110171,'Photo',NULL,NULL,0,5),(8,'a6328a0310d24609a3324dd6ccf2f9b91395505102906','2014-03-23 00:18:22',0,'exaple-image.jpg','f2457a67592a4ec4934a57589ae7ab511395505102906','jpg',0,180970,'Photo',NULL,NULL,0,6),(9,'e6fea3c2f64049dc93ee13786c81b0f61395505103059','2014-03-23 00:18:23',0,'4.jpg','06867d6296594c9b8a474a35922406fc1395505103059','jpg',0,110171,'Photo',NULL,NULL,0,6),(12,'e96f26db74b245a3b6f13025c4dbdec91395583057636','2014-03-23 21:57:37',0,'3.jpg','27a8ba78542944b8a0b0624877327e8c1395583057636','jpg',0,127446,'Photo',NULL,NULL,0,8),(13,'b8eb538164b64948a599993c3d7ce6b31395583058359','2014-03-23 21:57:38',0,'2.jpg','bab4957f9f7d4c32a81295e15d4c57721395583058359','jpg',0,55178,'Photo',NULL,NULL,0,8),(14,'ae04a66b7ea6427a911e0aca40c73e821395583058507','2014-03-23 21:57:38',0,'4.jpg','365baff4fcf14b33987328fc146917941395583058508','jpg',0,110171,'Photo',NULL,NULL,0,8),(16,'1d34d9fc96d644b7ad48838eda9f114e1395929847239','2014-03-27 22:17:27',0,'1.jpg','d61b009191ec474f9110b9c795112e1a1395929847240','jpg',0,152160,'Photo',NULL,NULL,0,6),(17,'cfbe14d1af9948ab9c56570b6ff4b4f11395929994898','2014-03-27 22:19:54',0,'DSC00759.JPG','e8161f0b2aa84fb5ac9d627ab058583d1395929994898','JPG',0,110842,'Photo',NULL,NULL,0,6),(18,'a9540ccbd64a4bc09447f2949d00fa5c1395930014546','2014-03-27 22:20:14',0,'DSC00758.JPG','e99155dcc16f43f9b401357147e4e24a1395930014546','JPG',0,75487,'Photo',NULL,NULL,0,6),(20,'f2a8167306044e208668b3995b6f46081395930130201','2014-03-27 22:22:10',0,'DSC00866.JPG','6d5e906b230741869457aa53ab5e2f141395930130201','JPG',0,229608,'Photo',NULL,NULL,0,6),(21,'236e782681584f24bc57b17363f96a5c1395930130857','2014-03-27 22:22:10',0,'DSC00782.JPG','d912c4c5604a4c81be709a2b1d2e8bc61395930130857','JPG',0,123304,'Photo',NULL,NULL,0,6),(22,'601af3750c7e4384941fbc2f2b5998241395930624082','2014-03-27 22:30:24',0,'DSC00749.JPG','5d21620d361a446791c9c982e224c4b81395930624082','JPG',0,214003,'Photo',NULL,NULL,0,8),(23,'1868ff9b943b4c90bed8618b07b6de841395930697054','2014-03-27 22:31:37',0,'DSC00748.JPG','2dde15d33e78404db3742233cdd757dc1395930697054','JPG',0,192743,'Photo',NULL,NULL,0,8),(24,'d82069a478e0443b931b4a09c048b84f1395931075307','2014-03-27 22:37:55',0,'DSC00748.JPG','d5f895b0d5364fa3961fa35d1ae6146b1395931075307','JPG',0,192743,'Photo',NULL,NULL,0,8),(26,'168a54ed5968441bb44d7795466578eb1395931471635','2014-03-27 22:44:31',0,'DSC00748.JPG','589b0c0dc2714354addeae6fa232f39a1395931471635','JPG',0,192743,'Photo',NULL,NULL,0,8),(27,'66bb2dd3ca834a3bb3290612cee6638f1395931472756','2014-03-27 22:44:32',0,'DSC00759.JPG','6c924a3adfbb40038bc8b67866a761401395931472756','JPG',0,110842,'Photo',NULL,NULL,0,8),(28,'a62b3a5020874191b7fb0617adf7efe11395931473376','2014-03-27 22:44:33',0,'DSC00778.JPG','963563dd3a2a4619a5d3dd9adddb3a081395931473376','JPG',0,142362,'Photo',NULL,NULL,0,8),(29,'a1fa5e4b36a64c719b93d25adb2966f61395931933588','2014-03-27 22:52:13',0,'DSC00891.JPG','025d54753df34ca5a8b8ed8ae342f4161395931933588','JPG',0,244809,'Photo',NULL,NULL,0,8),(30,'2a937b00bfed40ea98a80e3b587bbd5b1395934233403','2014-03-27 23:30:33',0,'DSC00749.JPG','e249322d051a428db390de4cf8b85f291395934233403','JPG',0,214003,'Photo',NULL,NULL,0,4),(31,'a677d94edad64069a8755fb04c96e2911395934233996','2014-03-27 23:30:33',0,'DSC00763.JPG','dfcdeba24ea740759d14824ff2d675191395934233996','JPG',0,180350,'Photo',NULL,NULL,0,4),(32,'4efea7bbf9134f7da927a8f321c596fa1395934235157','2014-03-27 23:30:35',0,'DSC00768.JPG','25eb1686b5d140ab8f133f1987d397481395934235157','JPG',0,205393,'Photo',NULL,NULL,0,4),(33,'4953f667115d4f46a4c2a1af9209bfbb1395934420169','2014-03-27 23:33:40',0,'DSCN0407.JPG','87ce330a1d6c497290d6876f314bb70c1395934420169','JPG',0,127807,'Photo',NULL,NULL,0,6),(34,'b0a52b8c65be4adaaf995fd599b8ed151395934421534','2014-03-27 23:33:41',0,'DSCN0412.JPG','00463edfe018467aa5b6483ee4c489251395934421535','JPG',0,125641,'Photo',NULL,NULL,0,6),(35,'720061231aa44d459ef55222de581e081395934528422','2014-03-27 23:35:28',0,'DSC00748.JPG','c2b6c2e77d1f45338fcb7b921d7c220b1395934528422','JPG',0,192743,'Photo',NULL,NULL,0,6),(36,'1318070a5c2644d6bb2dd46f4d7da8dc1395934529536','2014-03-27 23:35:29',0,'DSC00749.JPG','abdd8d779d2443e3b4e81a4be97c5bd71395934529536','JPG',0,214003,'Photo',NULL,NULL,0,6),(37,'11fa79dd41374824b1587ff8e297098f1395934530535','2014-03-27 23:35:30',0,'DSC00750.JPG','e596ce7c73ad4896a1ea08d01c1c2e851395934530535','JPG',0,135323,'Photo',NULL,NULL,0,6),(38,'b61273cff79b4945be234859b98061471395934532223','2014-03-27 23:35:32',0,'DSC00753.JPG','913138757b7c4d9ea1046f1978c6873d1395934532224','JPG',0,167603,'Photo',NULL,NULL,0,6),(39,'e7cbac8aa5ef4fb8a5875d972a6d4fcd1395934533487','2014-03-27 23:35:33',0,'DSC00758.JPG','6b6a37581182401b9bc267dc7c97c36d1395934533487','JPG',0,75487,'Photo',NULL,NULL,0,6),(40,'0b0e524170684839b253a99993600c741395934534566','2014-03-27 23:35:34',0,'DSC00759.JPG','3603ce094fb44287b9ceaed0901d00961395934534566','JPG',0,110842,'Photo',NULL,NULL,0,6),(41,'bded1e5f3e7b40a388ebdd75453d305c1395934535550','2014-03-27 23:35:35',0,'DSC00763.JPG','e89dd948121a4bd0a85b5bdf5fde7cd71395934535550','JPG',0,180350,'Photo',NULL,NULL,0,6),(42,'ee92e3ac8f7d41c795c5dcb751adb5501395934536572','2014-03-27 23:35:36',0,'DSC00768.JPG','969fd7e09e6b4b6b94171a831ba80cfc1395934536572','JPG',0,205393,'Photo',NULL,NULL,0,6),(43,'5aa25692cd2b4440b3e9f1a210d86e921395934538145','2014-03-27 23:35:38',0,'DSC00772.JPG','688f9a446da04e48a7e231b248d00d691395934538145','JPG',0,184168,'Photo',NULL,NULL,0,6),(44,'1d0c7ca954dc4fa4bedaf89b9e0ded841395934539736','2014-03-27 23:35:39',0,'DSC00775.JPG','b5e32660d83d481da0cfde3e3f449c471395934539736','JPG',0,144868,'Photo',NULL,NULL,0,6),(45,'e9e48215c2f64753825314f38bc9ce9d1395934897584','2014-03-27 23:41:37',0,'DSC00759.JPG','20292b73567a47cb960a55889f1b28161395934897584','JPG',0,110842,'Photo',NULL,NULL,0,9),(46,'25c09470910c471380e1492ba24b90cd1395934953315','2014-03-27 23:42:33',0,'DSC00775.JPG','4b4ba5e4b3a24de393b1b35ccb9aacab1395934953315','JPG',0,144868,'Photo',NULL,NULL,0,9),(47,'5b278eb34b9d4e7ebe18befdbfea382c1395935016108','2014-03-27 23:43:36',0,'DSC00748.JPG','34129a49378a4b3782a9d1ccb847f9fe1395935016108','JPG',0,203035,'Photo',NULL,NULL,0,9),(48,'67dfa22faa764636b2ea80b7c90163391395935041757','2014-03-27 23:44:01',0,'DSC00759.JPG','16f5e208c53448029dcbecda19f977721395935041757','JPG',0,95032,'Photo',NULL,NULL,0,9),(49,'762e1f87f91548aa8e22957b65fca2171395935042043','2014-03-27 23:44:02',0,'DSC00775.JPG','612edbaab2cf43929d0147d5aad13bd01395935042043','JPG',0,116924,'Photo',NULL,NULL,0,9),(50,'4e3ba570550f4012b1155b9ee5631bfd1395935125206','2014-03-27 23:45:25',0,'1.jpg','480faff60d394fa0a4056c7c7224665c1395935125206','jpg',0,724424,'Photo',NULL,NULL,0,9);
/*!40000 ALTER TABLE `gecko_file` ENABLE KEYS */;
UNLOCK TABLES;

--
-- Table structure for table `goal`
--

DROP TABLE IF EXISTS `goal`;
/*!40101 SET @saved_cs_client     = @@character_set_client */;
/*!40101 SET character_set_client = utf8 */;
CREATE TABLE `goal` (
  `id` int(11) NOT NULL AUTO_INCREMENT,
  `guid` varchar(255) NOT NULL,
  `create_time` datetime DEFAULT NULL,
  `archived` tinyint(1) DEFAULT '0',
  `goal_player_id` int(11) DEFAULT NULL,
  `assistant_player_id` int(11) DEFAULT NULL,
  `own_goal` tinyint(1) DEFAULT '0',
  `goal_time` int(11) DEFAULT NULL,
  `match_id` int(11) DEFAULT NULL,
  PRIMARY KEY (`id`),
  UNIQUE KEY `guid` (`guid`),
  KEY `guid_index` (`guid`),
  KEY `goal_player_id_index` (`goal_player_id`),
  KEY `match_id_index` (`match_id`),
  KEY `assistant_player_id_index` (`assistant_player_id`)
) ENGINE=InnoDB AUTO_INCREMENT=80 DEFAULT CHARSET=utf8;
/*!40101 SET character_set_client = @saved_cs_client */;

--
-- Dumping data for table `goal`
--

LOCK TABLES `goal` WRITE;
/*!40000 ALTER TABLE `goal` DISABLE KEYS */;
INSERT INTO `goal` VALUES (1,'a9f1e06a5dcd436899e6fdce638801c51396770434920','2014-04-06 15:47:14',1,4,11,0,17,4),(2,'f662efcfacee4afb9cc8672245bcfa261396770434921','2014-04-06 15:47:14',1,14,NULL,0,67,4),(3,'1cdb5f374de14b2d9e0af5d9c59b8d2f1396772499279','2014-04-06 16:21:39',0,8,19,0,6,5),(4,'e183435fde50477793e9258dbcc79b7b1396772499279','2014-04-06 16:21:39',0,4,18,0,17,5),(8,'918dc5e9b827483ba843e9637767ba471396802339486','2014-04-07 00:38:59',1,13,6,0,10,6),(9,'d1bf6e3a19c7473784d11950c6ebe90f1396802339486','2014-04-07 00:38:59',1,6,NULL,0,12,6),(10,'98a6283950554c16a99c1359e4bcb2741396802339487','2014-04-07 00:38:59',1,NULL,NULL,1,-1,6),(11,'afacad458dc64a749e38201fcba140281396806778448','2014-04-07 01:52:58',0,10,18,0,7,7),(12,'4f922d72c283464c9a06728ebaaf9ae11396806778448','2014-04-07 01:52:58',0,13,21,0,15,7),(13,'30e7133de6f042daa4062177cd650f901396806778449','2014-04-07 01:52:58',0,24,19,0,72,7),(20,'95681f6baae2438fbccf279b1bc1afe81396848444942','2014-04-07 13:27:24',0,8,21,0,-1,9),(21,'56b11e5a3aaa443f805a3fe7cb5d3df11396848444942','2014-04-07 13:27:24',0,9,NULL,0,-1,9),(22,'db2458ece9dc4ec6b5b63928ccd8a7ee1396848444942','2014-04-07 13:27:24',0,21,NULL,0,-1,9),(23,'ae70bff1577044658100a58db3d4169b1396848544460','2014-04-07 13:29:04',0,21,3,0,-1,8),(24,'3b87eea923104c3e935b0afce264305c1396848544460','2014-04-07 13:29:04',0,21,24,0,-1,8),(25,'f0df99c118c2422a842c5d18e903a4841396848544460','2014-04-07 13:29:04',0,4,11,0,-1,8),(26,'9da34ba9fe564063805cef9b78075d811396848544460','2014-04-07 13:29:04',0,23,11,0,-1,8),(27,'b124e15132e4460da1f5dc92dfb5c9191396848544460','2014-04-07 13:29:04',0,5,NULL,0,-1,8),(28,'8a5e48b441434c95bbecd9eb1cb723e01396848544460','2014-04-07 13:29:04',0,3,NULL,0,-1,8),(29,'43774dff6b864192af574284130f13ac1396848783874','2014-04-07 13:33:03',0,4,23,0,-1,10),(30,'7448ae0af6974238998ddd68f7d90f761396848999923','2014-04-07 13:36:39',0,5,NULL,0,-1,11),(31,'dc332eb31b0d4b74b34e042eba187ff81396848999923','2014-04-07 13:36:39',0,1,23,0,-1,11),(32,'bbaa1511efd44d778379e6f0eb70c3c61396848999923','2014-04-07 13:36:39',0,20,4,0,-1,11),(33,'3abc1a14b99f43ffb53b30836c3773321396848999923','2014-04-07 13:36:39',0,4,NULL,0,-1,11),(34,'288708ce6d7946d5b931cd87b4ab5bc61396849167157','2014-04-07 13:39:27',0,3,NULL,0,-1,12),(35,'f92983317a004d1fabd7c85595df14521396849167157','2014-04-07 13:39:27',0,3,NULL,0,-1,12),(36,'4d15ae468cc7483b853b998d49b6343c1396849167157','2014-04-07 13:39:27',0,3,1,0,-1,12),(37,'64c6b5ce59814e6eb1b062b5b1280d721396849167157','2014-04-07 13:39:27',0,27,NULL,0,-1,12),(38,'994fa0d7df854c6dafc2323f8a9778da1396849167157','2014-04-07 13:39:27',0,27,3,0,-1,12),(39,'b7e15fbbd1944713909cb82440be28b71396849167157','2014-04-07 13:39:27',0,13,NULL,0,-1,12),(40,'7865ce58ffac4ac8921a0a7bb72fe1911396849167157','2014-04-07 13:39:27',0,19,3,0,-1,12),(41,'97cc1d50906047b393af9a80263870041396849167157','2014-04-07 13:39:27',0,19,NULL,0,-1,12),(42,'980ffcffe47548bd8490f84f3f3fc6681396849167157','2014-04-07 13:39:27',0,9,5,0,-1,12),(43,'6be5e6a005cb4a59a5e524dc2d1c84ec1396849167157','2014-04-07 13:39:27',0,9,5,0,-1,12),(44,'ae9eabe4e0304237be57d6e6d4cec5871396849589125','2014-04-07 13:46:29',0,4,24,0,-1,13),(45,'30d28ff70b6c4e36b6eae38c152fd3251396849589125','2014-04-07 13:46:29',0,4,22,0,-1,13),(46,'de61e82709a847e091edf65d159599731396849589125','2014-04-07 13:46:29',0,4,9,0,-1,13),(47,'0c49112aaf5c44438cb44b6783757f631396849589125','2014-04-07 13:46:29',0,4,22,0,-1,13),(48,'c1ac9f3882694c85977eb67de8d0def61396849589125','2014-04-07 13:46:29',0,24,24,0,-1,13),(49,'e41d47b673294b56a89fd4a0c2714ac71396849589125','2014-04-07 13:46:29',0,24,4,0,-1,13),(50,'d03d9410804940758c484a6d0e6da7571396849589125','2014-04-07 13:46:29',0,24,4,0,-1,13),(51,'3ceac5cba4b7424e86aa030ec86ceb461396849589125','2014-04-07 13:46:29',0,24,9,0,-1,13),(52,'ac15c81bb0f84337946e7e4f171051b91396849589125','2014-04-07 13:46:29',0,22,5,0,-1,13),(53,'9e714ce2fcbc4adf9495afc72248ab971396849884103','2014-04-07 13:51:24',0,4,NULL,0,-1,14),(54,'d94748638e0d40178ff486f97ddc15ee1396849884103','2014-04-07 13:51:24',0,4,NULL,0,-1,14),(55,'93bd65529e9248dc87f98d0ff104b7fc1396849884103','2014-04-07 13:51:24',0,24,NULL,0,-1,14),(56,'d2aea7548cad4c62a5e2ae98a3345a5a1396849884103','2014-04-07 13:51:24',0,24,NULL,0,-1,14),(57,'5db4cec10a934237bd55ffeced3ad5dd1396849884103','2014-04-07 13:51:24',0,3,NULL,0,-1,14),(58,'dca5d9b75b574786b4bc9b6f92efcad51396850025656','2014-04-07 13:53:45',0,19,3,0,-1,15),(59,'37dc37b7a60f477b9b3df3be3e1187911396850025656','2014-04-07 13:53:45',0,27,19,0,-1,15),(60,'c75cdb6cb22d44088fae9b82cdd6332b1396850025656','2014-04-07 13:53:45',0,27,3,0,-1,15),(61,'0031a2db5aba47e8be9b26ed924054d51396850025656','2014-04-07 13:53:45',0,27,NULL,0,-1,15),(62,'b29cefcd43154fbe817cf1db1061b1b81396850118941','2014-04-07 13:55:18',0,5,3,0,-1,16),(63,'cc4e804ece204b6185b9256021efcd531396850118941','2014-04-07 13:55:18',0,27,19,0,-1,16),(64,'3c4b858cdd3540ad9724ed5dc08a5dee1396850244679','2014-04-07 13:57:24',0,4,3,0,-1,17),(65,'58b12412a3754fdaa265eafe5145c4091396850244679','2014-04-07 13:57:24',0,4,NULL,0,-1,17),(66,'92b1ca7814a24b34a4f9371c53e1fc5e1396850244679','2014-04-07 13:57:24',0,4,NULL,0,-1,17),(67,'3514844d0b22433aae7afeec8c4206921396850244679','2014-04-07 13:57:24',0,27,4,0,-1,17),(68,'3a964038f6ea43be99d7ea9fc32d2b661396850244679','2014-04-07 13:57:24',0,29,4,0,-1,17),(69,'2adc0c8c8c574740a6572dff5aa8dcf41396850244679','2014-04-07 13:57:24',0,29,NULL,0,-1,17),(70,'0389d7f040aa408d8dbc83236ea319921396850395317','2014-04-07 13:59:55',0,3,5,0,-1,18),(71,'587e678dea0943dbb8a4cbe8210be2051396850395317','2014-04-07 13:59:55',0,4,1,0,-1,18),(72,'baaa69a178064c3b9e5188b8a4d419601396850395317','2014-04-07 13:59:55',0,5,3,0,-1,18),(73,'1f93a2f153a249d6966489bc64f30e471396850395317','2014-04-07 13:59:55',0,8,14,0,-1,18),(74,'276f3bf19b77472393a1f5cff7748f151396850489251','2014-04-07 14:01:29',0,2,NULL,0,-1,19),(75,'73ac19c8a05a4d279d60105b92fd87e81396850489251','2014-04-07 14:01:29',0,3,NULL,0,-1,19),(76,'93ea948735534fbca8d9336c87b7fd1d1396850489251','2014-04-07 14:01:29',0,4,3,0,-1,19),(77,'31ef4ad621694cd9a3d9fb5e5de6d72f1396850489251','2014-04-07 14:01:29',0,4,NULL,0,-1,19),(78,'616d6333509e4c9fbc378e5287b960481396850489251','2014-04-07 14:01:29',0,11,2,0,-1,19),(79,'c16ab8e135984a048d11355ee12116941396850489251','2014-04-07 14:01:29',0,10,NULL,0,-1,19);
/*!40000 ALTER TABLE `goal` ENABLE KEYS */;
UNLOCK TABLES;

--
-- Table structure for table `log`
--

DROP TABLE IF EXISTS `log`;
/*!40101 SET @saved_cs_client     = @@character_set_client */;
/*!40101 SET character_set_client = utf8 */;
CREATE TABLE `log` (
  `id` int(11) NOT NULL AUTO_INCREMENT,
  `guid` varchar(255) NOT NULL,
  `create_time` datetime DEFAULT NULL,
  `archived` tinyint(1) DEFAULT '0',
  `time_` datetime DEFAULT NULL,
  `content` text,
  `ip_address` varchar(255) DEFAULT NULL,
  `type_` varchar(255) DEFAULT NULL,
  `class_` varchar(255) DEFAULT 'Log',
  `who_id` int(11) DEFAULT NULL,
  `creator_id` int(11) DEFAULT NULL,
  `important` tinyint(1) DEFAULT '0',
  PRIMARY KEY (`id`),
  UNIQUE KEY `guid` (`guid`),
  KEY `guid_index` (`guid`),
  KEY `creator_id_index` (`creator_id`),
  KEY `who_id_index` (`who_id`)
) ENGINE=InnoDB AUTO_INCREMENT=104 DEFAULT CHARSET=utf8;
/*!40101 SET character_set_client = @saved_cs_client */;

--
-- Dumping data for table `log`
--

LOCK TABLES `log` WRITE;
/*!40000 ALTER TABLE `log` DISABLE KEYS */;
INSERT INTO `log` VALUES (1,'088993f3d53245278b43c409bd1b35f91395929847306','2014-03-27 22:17:27',0,'2014-03-27 22:17:27','Upload [1] photos','0:0:0:0:0:0:0:1','ALBUM','Log',NULL,NULL,0),(2,'3b6b03de20dd49809804daafdae646981395929994900','2014-03-27 22:19:54',0,'2014-03-27 22:19:54','Upload [1] photos','0:0:0:0:0:0:0:1','ALBUM','Log',NULL,NULL,0),(3,'b1f292e957fc46338ce3061e79118e541395930014548','2014-03-27 22:20:14',0,'2014-03-27 22:20:14','Upload [1] photos','0:0:0:0:0:0:0:1','ALBUM','Log',NULL,NULL,0),(4,'6c66dc1c56e4469cbb4aab1324140dd81395930086493','2014-03-27 22:21:26',0,'2014-03-27 22:21:26','Upload [1] photos','0:0:0:0:0:0:0:1','ALBUM','Log',NULL,NULL,0),(5,'e18b032f999647c1b6ca060580f153ef1395930130204','2014-03-27 22:22:10',0,'2014-03-27 22:22:10','Upload [1] photos','0:0:0:0:0:0:0:1','ALBUM','Log',NULL,NULL,0),(6,'54f26615a613416bbbe8013be15fe08a1395930130859','2014-03-27 22:22:10',0,'2014-03-27 22:22:10','Upload [1] photos','0:0:0:0:0:0:0:1','ALBUM','Log',NULL,NULL,0),(7,'d400cbed7efc4a1fbbb0910dcd02f2701395930624085','2014-03-27 22:30:24',0,'2014-03-27 22:30:24','Upload [1] photos','0:0:0:0:0:0:0:1','ALBUM','Log',NULL,NULL,0),(8,'881ad35d430e48848cf689725ad636291395930697057','2014-03-27 22:31:37',0,'2014-03-27 22:31:37','Upload [1] photos','0:0:0:0:0:0:0:1','ALBUM','Log',NULL,NULL,0),(9,'13125640918d470a94f5391ad4037b141395931075310','2014-03-27 22:37:55',0,'2014-03-27 22:37:55','Upload [1] photos','0:0:0:0:0:0:0:1','ALBUM','Log',NULL,NULL,0),(10,'b2e0a912ce554c838811cda7096ffcc91395931256737','2014-03-27 22:40:56',0,'2014-03-27 22:40:56','Upload [1] photos','0:0:0:0:0:0:0:1','ALBUM','Log',NULL,NULL,0),(11,'c351916f7ded40c796d4d27cbe4ee8e91395931471638','2014-03-27 22:44:31',0,'2014-03-27 22:44:31','Upload [1] photos','0:0:0:0:0:0:0:1','ALBUM','Log',NULL,NULL,0),(12,'2385a776283f49a9b0eb540d73b0e0661395931472758','2014-03-27 22:44:32',0,'2014-03-27 22:44:32','Upload [1] photos','0:0:0:0:0:0:0:1','ALBUM','Log',NULL,NULL,0),(13,'5ad3e35f00b74002a667c17d46fecbce1395931473379','2014-03-27 22:44:33',0,'2014-03-27 22:44:33','Upload [1] photos','0:0:0:0:0:0:0:1','ALBUM','Log',NULL,NULL,0),(14,'1581adfc140d497aa67c9258f3055b2e1395931933592','2014-03-27 22:52:13',0,'2014-03-27 22:52:13','Upload [1] photos','0:0:0:0:0:0:0:1','ALBUM','Log',NULL,NULL,0),(15,'8538f44a14c443959cb12fd6fd5bb9ab1395934233443','2014-03-27 23:30:33',0,'2014-03-27 23:30:33','Upload [1] photos','0:0:0:0:0:0:0:1','ALBUM','Log',NULL,NULL,0),(16,'c91e47a433b54e808aa0f10ac2124df21395934233999','2014-03-27 23:30:33',0,'2014-03-27 23:30:33','Upload [1] photos','0:0:0:0:0:0:0:1','ALBUM','Log',NULL,NULL,0),(17,'d45ef038aba740419c5eb163564798a61395934235163','2014-03-27 23:30:35',0,'2014-03-27 23:30:35','Upload [1] photos','0:0:0:0:0:0:0:1','ALBUM','Log',NULL,NULL,0),(18,'86316567140c48299ddc885f51d35d831395934420172','2014-03-27 23:33:40',0,'2014-03-27 23:33:40','Upload [1] photos','0:0:0:0:0:0:0:1','ALBUM','Log',NULL,NULL,0),(19,'2d0803e2e2e0489594b63d29c7d353e61395934421537','2014-03-27 23:33:41',0,'2014-03-27 23:33:41','Upload [1] photos','0:0:0:0:0:0:0:1','ALBUM','Log',NULL,NULL,0),(20,'dbe35482306d45438b8009049229cd341395934528425','2014-03-27 23:35:28',0,'2014-03-27 23:35:28','Upload [1] photos','0:0:0:0:0:0:0:1','ALBUM','Log',NULL,NULL,0),(21,'50002afb713545d9a8901972affe747f1395934529540','2014-03-27 23:35:29',0,'2014-03-27 23:35:29','Upload [1] photos','0:0:0:0:0:0:0:1','ALBUM','Log',NULL,NULL,0),(22,'6bfa5a29838e4823b8adb69f52aa102d1395934530537','2014-03-27 23:35:30',0,'2014-03-27 23:35:30','Upload [1] photos','0:0:0:0:0:0:0:1','ALBUM','Log',NULL,NULL,0),(23,'01609a55dfd74b3f82cb658ed27529741395934532226','2014-03-27 23:35:32',0,'2014-03-27 23:35:32','Upload [1] photos','0:0:0:0:0:0:0:1','ALBUM','Log',NULL,NULL,0),(24,'d2d475924fba491f868fe5734ce43daa1395934533489','2014-03-27 23:35:33',0,'2014-03-27 23:35:33','Upload [1] photos','0:0:0:0:0:0:0:1','ALBUM','Log',NULL,NULL,0),(25,'ecf1e9b4f027439b8768a08d1ac4287d1395934534568','2014-03-27 23:35:34',0,'2014-03-27 23:35:34','Upload [1] photos','0:0:0:0:0:0:0:1','ALBUM','Log',NULL,NULL,0),(26,'520f439bfadf414bbb3fee787a80d5fb1395934535552','2014-03-27 23:35:35',0,'2014-03-27 23:35:35','Upload [1] photos','0:0:0:0:0:0:0:1','ALBUM','Log',NULL,NULL,0),(27,'9943826d308f47adad060ef1899769c11395934536574','2014-03-27 23:35:36',0,'2014-03-27 23:35:36','Upload [1] photos','0:0:0:0:0:0:0:1','ALBUM','Log',NULL,NULL,0),(28,'0da33d06a10b45e2b7f10ed6005e93a31395934538147','2014-03-27 23:35:38',0,'2014-03-27 23:35:38','Upload [1] photos','0:0:0:0:0:0:0:1','ALBUM','Log',NULL,NULL,0),(29,'424be955f2984d11ae34b12b065a11901395934539739','2014-03-27 23:35:39',0,'2014-03-27 23:35:39','Upload [1] photos','0:0:0:0:0:0:0:1','ALBUM','Log',NULL,NULL,0),(30,'5846a86edc6f47bf992532841f1c2c431395934897588','2014-03-27 23:41:37',0,'2014-03-27 23:41:37','Create album [{id=9, archived=false, guid=\'6120c97a128645059b42bf0d657102951395934897293\', createTime=Thu Mar 27 23:41:37 CST 2014}]','0:0:0:0:0:0:0:1','ALBUM','Log',NULL,NULL,0),(31,'5cb69e8d98414ee9af841b924e71b8831395934953318','2014-03-27 23:42:33',0,'2014-03-27 23:42:33','Upload [1] photos','0:0:0:0:0:0:0:1','ALBUM','Log',NULL,NULL,0),(32,'f91befc2016043fb9edb355c2f6389b31395935016112','2014-03-27 23:43:36',0,'2014-03-27 23:43:36','Upload [1] photos','0:0:0:0:0:0:0:1','ALBUM','Log',NULL,NULL,0),(33,'c6a475a84b6043909c962c10177e78201395935041759','2014-03-27 23:44:01',0,'2014-03-27 23:44:01','Upload [1] photos','0:0:0:0:0:0:0:1','ALBUM','Log',NULL,NULL,0),(34,'8d6054e1942b4f53969107294380c7991395935042045','2014-03-27 23:44:02',0,'2014-03-27 23:44:02','Upload [1] photos','0:0:0:0:0:0:0:1','ALBUM','Log',NULL,NULL,0),(35,'03c52e6937d7419083c9038c9d18eee41395935125212','2014-03-27 23:45:25',0,'2014-03-27 23:45:25','Upload [1] photos','0:0:0:0:0:0:0:1','ALBUM','Log',NULL,NULL,0),(36,'45d4b42a312a4d59918b00a9458518111396541192601','2014-04-04 00:06:32',0,'2014-04-04 00:06:32','Cancel publish MatchNotice [{id=1, archived=false, guid=\'49e8f8e16c6d43b6b497e1719820875d1395417824898\', createTime=Sat Mar 22 00:03:44 CST 2014}]','0:0:0:0:0:0:0:1','MATCH_NOTICE','Log',NULL,NULL,0),(37,'6809030eab7647c68f8c1af5b1da2c8e1396759789210','2014-04-06 12:49:49',0,'2014-04-06 12:49:49','Create MatchNotice [{id=0, archived=false, guid=\'7cb4796ad1d34422a1499f58a9da61221396759789125\', createTime=Sun Apr 06 12:49:49 CST 2014}]','0:0:0:0:0:0:0:1','MATCH_NOTICE','Log',NULL,NULL,0),(38,'b0f27fc9f0024b2da3d5e0bfff81afee1396759797969','2014-04-06 12:49:57',0,'2014-04-06 12:49:57','Publish MatchNotice [{id=4, archived=false, guid=\'7cb4796ad1d34422a1499f58a9da61221396759789125\', createTime=Sun Apr 06 12:49:49 CST 2014}]','0:0:0:0:0:0:0:1','MATCH_NOTICE','Log',NULL,NULL,0),(39,'cd4d1a9a10da422d8cff774b396c2c4e1396761702711','2014-04-06 13:21:42',0,'2014-04-06 13:21:42','Create MatchNotice [{id=0, archived=false, guid=\'9f7b54533e264030a64a75bc07aeeca81396761702703\', createTime=Sun Apr 06 13:21:42 CST 2014}]','0:0:0:0:0:0:0:1','MATCH_NOTICE','Log',NULL,NULL,0),(40,'9ac8f64fd8c441deb4340373797d5cef1396761720325','2014-04-06 13:22:00',0,'2014-04-06 13:22:00','Publish MatchNotice [{id=5, archived=false, guid=\'9f7b54533e264030a64a75bc07aeeca81396761702703\', createTime=Sun Apr 06 13:21:42 CST 2014}]','0:0:0:0:0:0:0:1','MATCH_NOTICE','Log',NULL,NULL,0),(41,'dafdfad6429d4e46b34294011dbff9b91396770434926','2014-04-06 15:47:14',0,'2014-04-06 15:47:14','Add Match [{id=4, archived=false, guid=\'4899aa341e614bd6ade3bf29f5b190d51396770434650\', createTime=Sun Apr 06 15:47:14 CST 2014}]','0:0:0:0:0:0:0:1','MATCH','Log',NULL,NULL,0),(42,'273de66871674afbafe4294aa85c7c4d1396772499313','2014-04-06 16:21:39',0,'2014-04-06 16:21:39','Add Match [{id=5, archived=false, guid=\'a1eac55dc054420a8575320177a1b5c41396772499109\', createTime=Sun Apr 06 16:21:39 CST 2014}]','0:0:0:0:0:0:0:1','MATCH','Log',NULL,NULL,0),(43,'69c49d4d3b6340ada198237b47fdacd21396800372247','2014-04-07 00:06:12',0,'2014-04-07 00:06:12','Create club [{id=0, archived=false, guid=\'52b7212407b64f74a8e3bb04db99aa581396800372239\', createTime=Mon Apr 07 00:06:12 CST 2014}]','0:0:0:0:0:0:0:1','CLUB','Log',NULL,NULL,0),(44,'e09c1332f6e94e048b99298d359b28a71396802128864','2014-04-07 00:35:28',0,'2014-04-07 00:35:28','Add Match [{id=6, archived=false, guid=\'4736a5002370473f9c3aa05defa7ef4b1396802128809\', createTime=Mon Apr 07 00:35:28 CST 2014}]','0:0:0:0:0:0:0:1','MATCH','Log',NULL,NULL,0),(45,'6b2d8350c8a8414e83787723008722b41396802339488','2014-04-07 00:38:59',0,'2014-04-07 00:38:59','Update Match [{id=6, archived=false, guid=\'4736a5002370473f9c3aa05defa7ef4b1396802128809\', createTime=Mon Apr 07 00:35:28 CST 2014}]','0:0:0:0:0:0:0:1','MATCH','Log',NULL,NULL,0),(46,'e3d452f1df7849b09a7741407425c28a1396804572413','2014-04-07 01:16:12',0,'2014-04-07 01:16:12','Archive Match [{id=4, archived=true, guid=\'4899aa341e614bd6ade3bf29f5b190d51396770434650\', createTime=Sun Apr 06 15:47:14 CST 2014}]','0:0:0:0:0:0:0:1','MATCH','Log',NULL,NULL,0),(47,'173ea1d1b14347839a18a9b0b1660e041396806778451','2014-04-07 01:52:58',0,'2014-04-07 01:52:58','Add Match [{id=7, archived=false, guid=\'f46206bc95614086a487a5c4b8d8adc41396806778428\', createTime=Mon Apr 07 01:52:58 CST 2014}]','0:0:0:0:0:0:0:1','MATCH','Log',NULL,NULL,0),(48,'63c15cc284f64fd094fbe3e4ab0df2a61396807418875','2014-04-07 02:03:38',0,'2014-04-07 02:03:38','Create Season [{id=0, archived=false, guid=\'2fc517373e11439489fb05b981befe5a1396807418874\', createTime=Mon Apr 07 02:03:38 CST 2014}]','0:0:0:0:0:0:0:1','SEASON','Log',NULL,NULL,0),(49,'5bffa7b4aaf846c49a636884e38973e11396807444522','2014-04-07 02:04:04',0,'2014-04-07 02:04:04','Create Season [{id=0, archived=false, guid=\'99b92d2c0eee4455943d7ee719650af41396807444521\', createTime=Mon Apr 07 02:04:04 CST 2014}]','0:0:0:0:0:0:0:1','SEASON','Log',NULL,NULL,0),(50,'5548425dd6414127ad2b0148bdb00a5c1396847265892','2014-04-07 13:07:45',0,'2014-04-07 13:07:45','Create club [{id=0, archived=false, guid=\'ca89a7f4f28645c9a77a583e429e50bf1396847265883\', createTime=Mon Apr 07 13:07:45 CST 2014}]','0:0:0:0:0:0:0:1','CLUB','Log',NULL,NULL,0),(51,'717b9f09234b41b6bf436f5b952424111396847292342','2014-04-07 13:08:12',0,'2014-04-07 13:08:12','Create club [{id=0, archived=false, guid=\'6ff5a5b3941240fea729492d1ba34a131396847292342\', createTime=Mon Apr 07 13:08:12 CST 2014}]','0:0:0:0:0:0:0:1','CLUB','Log',NULL,NULL,0),(52,'9cbf642ab7cd4f7e88b57bdc2d7fd2e71396847306541','2014-04-07 13:08:26',0,'2014-04-07 13:08:26','Create club [{id=0, archived=false, guid=\'40bbe85e071342cf88694a78ed91c6191396847306540\', createTime=Mon Apr 07 13:08:26 CST 2014}]','0:0:0:0:0:0:0:1','CLUB','Log',NULL,NULL,0),(53,'c672ff2427334d1a96c36c01bd43369c1396847324128','2014-04-07 13:08:44',0,'2014-04-07 13:08:44','Create club [{id=0, archived=false, guid=\'ba0c27b5465c4456a04bc4bbe0cac1aa1396847324128\', createTime=Mon Apr 07 13:08:44 CST 2014}]','0:0:0:0:0:0:0:1','CLUB','Log',NULL,NULL,0),(54,'c5b1ad4de1ed46ad85617a24adc860621396847338055','2014-04-07 13:08:58',0,'2014-04-07 13:08:58','Create club [{id=0, archived=false, guid=\'859d8ae5b36845cdbe31481bcb5026fe1396847338054\', createTime=Mon Apr 07 13:08:58 CST 2014}]','0:0:0:0:0:0:0:1','CLUB','Log',NULL,NULL,0),(55,'0e03232fe60d4f1aa97fb872d54bff4b1396847351778','2014-04-07 13:09:11',0,'2014-04-07 13:09:11','Create club [{id=0, archived=false, guid=\'8a9366a481134242ae8e67d73847acbe1396847351778\', createTime=Mon Apr 07 13:09:11 CST 2014}]','0:0:0:0:0:0:0:1','CLUB','Log',NULL,NULL,0),(56,'0880d8f2321e4dda8b5c1000bb65c8a11396847370681','2014-04-07 13:09:30',0,'2014-04-07 13:09:30','Create club [{id=0, archived=false, guid=\'bf2f41ada70b45938889b3aa0ee489411396847370681\', createTime=Mon Apr 07 13:09:30 CST 2014}]','0:0:0:0:0:0:0:1','CLUB','Log',NULL,NULL,0),(57,'72b7d966112e4a94895b6753a956c9091396847388669','2014-04-07 13:09:48',0,'2014-04-07 13:09:48','Create club [{id=0, archived=false, guid=\'529b791fd842449198d52775cbc5ff201396847388668\', createTime=Mon Apr 07 13:09:48 CST 2014}]','0:0:0:0:0:0:0:1','CLUB','Log',NULL,NULL,0),(58,'03a7b59a948947a48ca990604d7c6de01396847411118','2014-04-07 13:10:11',0,'2014-04-07 13:10:11','Create club [{id=0, archived=false, guid=\'3bd0ad8df9ba4896813886df658b61861396847411118\', createTime=Mon Apr 07 13:10:11 CST 2014}]','0:0:0:0:0:0:0:1','CLUB','Log',NULL,NULL,0),(59,'7757bff9bb6c40649f77930a56fb07731396847430461','2014-04-07 13:10:30',0,'2014-04-07 13:10:30','Create club [{id=0, archived=false, guid=\'e7e3ac211408415f91b57afb0d9a32b71396847430460\', createTime=Mon Apr 07 13:10:30 CST 2014}]','0:0:0:0:0:0:0:1','CLUB','Log',NULL,NULL,0),(60,'4512ba5fca734ada9b21c7ec90d36d3c1396847443628','2014-04-07 13:10:43',0,'2014-04-07 13:10:43','Create club [{id=0, archived=false, guid=\'d4741ad5e5364912938a7a15eea4bbea1396847443628\', createTime=Mon Apr 07 13:10:43 CST 2014}]','0:0:0:0:0:0:0:1','CLUB','Log',NULL,NULL,0),(61,'614ddd52ec0b47f693db677a7d234f5c1396847458634','2014-04-07 13:10:58',0,'2014-04-07 13:10:58','Create club [{id=0, archived=false, guid=\'819041c0667948159e258301405de6931396847458633\', createTime=Mon Apr 07 13:10:58 CST 2014}]','0:0:0:0:0:0:0:1','CLUB','Log',NULL,NULL,0),(62,'06516081471b42e987c3474b70c8a0071396847474082','2014-04-07 13:11:14',0,'2014-04-07 13:11:14','Create club [{id=0, archived=false, guid=\'7ab56b13d0694a9b8adbdb768eba2adc1396847474082\', createTime=Mon Apr 07 13:11:14 CST 2014}]','0:0:0:0:0:0:0:1','CLUB','Log',NULL,NULL,0),(63,'c00d04c9015f4a0d915b78133838cb571396847490777','2014-04-07 13:11:30',0,'2014-04-07 13:11:30','Create club [{id=0, archived=false, guid=\'b7deb6630e024f37ba0e641dc184faf71396847490777\', createTime=Mon Apr 07 13:11:30 CST 2014}]','0:0:0:0:0:0:0:1','CLUB','Log',NULL,NULL,0),(64,'311f38e5fa1a478088903a64435a6d6e1396847504942','2014-04-07 13:11:44',0,'2014-04-07 13:11:44','Create club [{id=0, archived=false, guid=\'b6b151b2d69043abb7ebc65c851b69301396847504941\', createTime=Mon Apr 07 13:11:44 CST 2014}]','0:0:0:0:0:0:0:1','CLUB','Log',NULL,NULL,0),(65,'45f27b8dc16549bdbd77f34d3e877cdf1396847525576','2014-04-07 13:12:05',0,'2014-04-07 13:12:05','Create club [{id=0, archived=false, guid=\'ea8f322b5fd04ba7b8d755848be5a02e1396847525576\', createTime=Mon Apr 07 13:12:05 CST 2014}]','0:0:0:0:0:0:0:1','CLUB','Log',NULL,NULL,0),(66,'efcaefccdaa84169affa2ebc5b66d9701396847545193','2014-04-07 13:12:25',0,'2014-04-07 13:12:25','Create club [{id=0, archived=false, guid=\'ad07a4973e6c45a59c89efca1843f2d71396847545193\', createTime=Mon Apr 07 13:12:25 CST 2014}]','0:0:0:0:0:0:0:1','CLUB','Log',NULL,NULL,0),(67,'b8b97682750a425dbebdc2e5a65849021396847561055','2014-04-07 13:12:41',0,'2014-04-07 13:12:41','Create club [{id=0, archived=false, guid=\'154f0d8419e8450b9187e6cc29dde9c71396847561055\', createTime=Mon Apr 07 13:12:41 CST 2014}]','0:0:0:0:0:0:0:1','CLUB','Log',NULL,NULL,0),(68,'e4913d0522cb419cbd4d68bfb64989111396847572710','2014-04-07 13:12:52',0,'2014-04-07 13:12:52','Create club [{id=0, archived=false, guid=\'f650d889d870483184411b0d42611d421396847572710\', createTime=Mon Apr 07 13:12:52 CST 2014}]','0:0:0:0:0:0:0:1','CLUB','Log',NULL,NULL,0),(69,'4ed44e578c4342a78dd95942b6f0f4b61396847591071','2014-04-07 13:13:11',0,'2014-04-07 13:13:11','Create club [{id=0, archived=false, guid=\'b9444805a2ae483587f84c89514826361396847591070\', createTime=Mon Apr 07 13:13:11 CST 2014}]','0:0:0:0:0:0:0:1','CLUB','Log',NULL,NULL,0),(70,'0c6d7c09a44845b2a048f36ae592c6431396847613741','2014-04-07 13:13:33',0,'2014-04-07 13:13:33','Create club [{id=0, archived=false, guid=\'eab50fface7147bbb2d4202bb96c221a1396847613740\', createTime=Mon Apr 07 13:13:33 CST 2014}]','0:0:0:0:0:0:0:1','CLUB','Log',NULL,NULL,0),(71,'bdc7956836594a749ff662ec6826e9951396847634271','2014-04-07 13:13:54',0,'2014-04-07 13:13:54','Create club [{id=0, archived=false, guid=\'96a342ac381740cbb9f4bb02061ab1341396847634270\', createTime=Mon Apr 07 13:13:54 CST 2014}]','0:0:0:0:0:0:0:1','CLUB','Log',NULL,NULL,0),(72,'a0c08605e6fa46e79414d6789515c2871396847651324','2014-04-07 13:14:11',0,'2014-04-07 13:14:11','Create club [{id=0, archived=false, guid=\'4513eef4249b44fa86b152b0556443181396847651324\', createTime=Mon Apr 07 13:14:11 CST 2014}]','0:0:0:0:0:0:0:1','CLUB','Log',NULL,NULL,0),(73,'a77b40338906437eb00fef52477d29e41396847663114','2014-04-07 13:14:23',0,'2014-04-07 13:14:23','Create club [{id=0, archived=false, guid=\'21ecda8b19dd4d6286533a73ba4430df1396847663113\', createTime=Mon Apr 07 13:14:23 CST 2014}]','0:0:0:0:0:0:0:1','CLUB','Log',NULL,NULL,0),(74,'668254775cf94e798e99c35a29d586601396847677512','2014-04-07 13:14:37',0,'2014-04-07 13:14:37','Create club [{id=0, archived=false, guid=\'d03106050f654165abd8c3ebc25b8f811396847677512\', createTime=Mon Apr 07 13:14:37 CST 2014}]','0:0:0:0:0:0:0:1','CLUB','Log',NULL,NULL,0),(75,'4ba7ee5523904d12af05eef405fe09591396847804422','2014-04-07 13:16:44',0,'2014-04-07 13:16:44','Create club [{id=0, archived=false, guid=\'fe9f2086121d4f17a3179dd86d85d0bd1396847804421\', createTime=Mon Apr 07 13:16:44 CST 2014}]','0:0:0:0:0:0:0:1','CLUB','Log',NULL,NULL,0),(76,'a86b673eb0d6429498a9ecb839b74a9f1396847819978','2014-04-07 13:16:59',0,'2014-04-07 13:16:59','Create club [{id=0, archived=false, guid=\'f1a3b85f2f5746e3aac54a931f7de7171396847819977\', createTime=Mon Apr 07 13:16:59 CST 2014}]','0:0:0:0:0:0:0:1','CLUB','Log',NULL,NULL,0),(77,'64763a73c83241e6976355901e64d4c61396847838299','2014-04-07 13:17:18',0,'2014-04-07 13:17:18','Create club [{id=0, archived=false, guid=\'2e57a4c736dd48a9bad16c8c42a9c9201396847838299\', createTime=Mon Apr 07 13:17:18 CST 2014}]','0:0:0:0:0:0:0:1','CLUB','Log',NULL,NULL,0),(78,'83efdcf66fb1492e8b9ebba03c03434b1396847850610','2014-04-07 13:17:30',0,'2014-04-07 13:17:30','Create club [{id=0, archived=false, guid=\'979b782e9ac24bfe8a09b0a32cbc45461396847850609\', createTime=Mon Apr 07 13:17:30 CST 2014}]','0:0:0:0:0:0:0:1','CLUB','Log',NULL,NULL,0),(79,'a4b3bc9ccd4b47cebaed7cf1a37b0dae1396847879776','2014-04-07 13:17:59',0,'2014-04-07 13:17:59','Create club [{id=0, archived=false, guid=\'86ea7c9ab0ee4b319ae359f7e243af441396847879776\', createTime=Mon Apr 07 13:17:59 CST 2014}]','0:0:0:0:0:0:0:1','CLUB','Log',NULL,NULL,0),(80,'83118159ffe3421884591dd6fcefc0341396847907615','2014-04-07 13:18:27',0,'2014-04-07 13:18:27','Create club [{id=0, archived=false, guid=\'eb27ca157b8341f89ae2be665507aed31396847907614\', createTime=Mon Apr 07 13:18:27 CST 2014}]','0:0:0:0:0:0:0:1','CLUB','Log',NULL,NULL,0),(81,'d802743f2248418d9dd2c2a94c16a0061396848196214','2014-04-07 13:23:16',0,'2014-04-07 13:23:16','Add Match [{id=8, archived=false, guid=\'c211ea64513e41f4afdd41990a28dcfb1396848196196\', createTime=Mon Apr 07 13:23:16 CST 2014}]','0:0:0:0:0:0:0:1','MATCH','Log',NULL,NULL,0),(82,'772af3580aca40d3b2e9a0c974537aa91396848237423','2014-04-07 13:23:57',0,'2014-04-07 13:23:57','Create Player [{fullName=\'涂朝鑫\', position=AMF, captain=false}]','0:0:0:0:0:0:0:1','PLAYER','Log',NULL,NULL,0),(83,'c36555bdd730470789198bddabb67dfb1396848271091','2014-04-07 13:24:31',0,'2014-04-07 13:24:31','Update Player [{fullName=\'蒋文军\', position=LW, captain=false}]','0:0:0:0:0:0:0:1','PLAYER','Log',NULL,NULL,0),(84,'5abccca86f4b4ac79454c89242fa071b1396848444943','2014-04-07 13:27:24',0,'2014-04-07 13:27:24','Add Match [{id=9, archived=false, guid=\'e2fce68342b04a7c8ed4648b0b515a961396848444930\', createTime=Mon Apr 07 13:27:24 CST 2014}]','0:0:0:0:0:0:0:1','MATCH','Log',NULL,NULL,0),(85,'34c5e992d55a4139ac65ce1aaefba8a91396848544462','2014-04-07 13:29:04',0,'2014-04-07 13:29:04','Update Match [{id=8, archived=false, guid=\'c211ea64513e41f4afdd41990a28dcfb1396848196196\', createTime=Mon Apr 07 13:23:16 CST 2014}]','0:0:0:0:0:0:0:1','MATCH','Log',NULL,NULL,0),(86,'feb1a003d6624c42bd66beb1587397551396848783874','2014-04-07 13:33:03',0,'2014-04-07 13:33:03','Add Match [{id=10, archived=false, guid=\'4513ca7d8c874b04a49bed3a28dbea881396848783861\', createTime=Mon Apr 07 13:33:03 CST 2014}]','0:0:0:0:0:0:0:1','MATCH','Log',NULL,NULL,0),(87,'d48af71059ef40cebb1a138c1fc146e31396848999924','2014-04-07 13:36:39',0,'2014-04-07 13:36:39','Add Match [{id=11, archived=false, guid=\'cf7225f370064276aa32cbcabe48721e1396848999908\', createTime=Mon Apr 07 13:36:39 CST 2014}]','0:0:0:0:0:0:0:1','MATCH','Log',NULL,NULL,0),(88,'601114ed546340b08d49c78b885b76e11396849025379','2014-04-07 13:37:05',0,'2014-04-07 13:37:05','Create Player [{fullName=\'唐燕琦\', position=RB, captain=false}]','0:0:0:0:0:0:0:1','PLAYER','Log',NULL,NULL,0),(89,'d5c96b54614d46e593afcd18339bc7601396849167158','2014-04-07 13:39:27',0,'2014-04-07 13:39:27','Add Match [{id=12, archived=false, guid=\'db1adf29c37b4d99b51c54dc2c3581db1396849167148\', createTime=Mon Apr 07 13:39:27 CST 2014}]','0:0:0:0:0:0:0:1','MATCH','Log',NULL,NULL,0),(90,'03e3275eb878437aa2256d40fde34c9c1396849393629','2014-04-07 13:43:13',0,'2014-04-07 13:43:13','Create club [{id=0, archived=false, guid=\'84f93f7d48e84ad6aea88890a3ef4eb21396849393628\', createTime=Mon Apr 07 13:43:13 CST 2014}]','0:0:0:0:0:0:0:1','CLUB','Log',NULL,NULL,0),(91,'27ebc4a977794c739864d5c20dfb365f1396849589126','2014-04-07 13:46:29',0,'2014-04-07 13:46:29','Add Match [{id=13, archived=false, guid=\'eeb29fbcc9d94571b36a3757635a4a1b1396849589114\', createTime=Mon Apr 07 13:46:29 CST 2014}]','0:0:0:0:0:0:0:1','MATCH','Log',NULL,NULL,0),(92,'a9dedcad0db641a389fe1ce61bc2a8061396849612600','2014-04-07 13:46:52',0,'2014-04-07 13:46:52','Create Player [{fullName=\'张天云\', position=RW, captain=false}]','0:0:0:0:0:0:0:1','PLAYER','Log',NULL,NULL,0),(93,'05db64bca3724409a2ff8f937b05bb301396849639431','2014-04-07 13:47:19',0,'2014-04-07 13:47:19','Create club [{id=0, archived=false, guid=\'8da493fc0df4482b87868c2cc87e5aa91396849639431\', createTime=Mon Apr 07 13:47:19 CST 2014}]','0:0:0:0:0:0:0:1','CLUB','Log',NULL,NULL,0),(94,'cc1ec4d90149411ebbaa1904690067281396849884104','2014-04-07 13:51:24',0,'2014-04-07 13:51:24','Add Match [{id=14, archived=false, guid=\'3077aace4e224b5a9b56144bd4f5c24c1396849884094\', createTime=Mon Apr 07 13:51:24 CST 2014}]','0:0:0:0:0:0:0:1','MATCH','Log',NULL,NULL,0),(95,'171957392d284babb723fcbe2d8554df1396850025657','2014-04-07 13:53:45',0,'2014-04-07 13:53:45','Add Match [{id=15, archived=false, guid=\'4e8afb95a44d486cb309bc0301922c661396850025648\', createTime=Mon Apr 07 13:53:45 CST 2014}]','0:0:0:0:0:0:0:1','MATCH','Log',NULL,NULL,0),(96,'69879a0fc5dd40988b7aaba1565a54e01396850118942','2014-04-07 13:55:18',0,'2014-04-07 13:55:18','Add Match [{id=16, archived=false, guid=\'07078cadf09f4fd68bf91cabd320cd1d1396850118932\', createTime=Mon Apr 07 13:55:18 CST 2014}]','0:0:0:0:0:0:0:1','MATCH','Log',NULL,NULL,0),(97,'ceb3380ebc8949238e689327deaf3b851396850154513','2014-04-07 13:55:54',0,'2014-04-07 13:55:54','Create Player [{fullName=\'郭洪涛\', position=RB, captain=false}]','0:0:0:0:0:0:0:1','PLAYER','Log',NULL,NULL,0),(98,'723e6934e9c649e7b37d673663b0f6bf1396850244680','2014-04-07 13:57:24',0,'2014-04-07 13:57:24','Add Match [{id=17, archived=false, guid=\'e732d609fe2c47b3935b1fea61fe34d41396850244670\', createTime=Mon Apr 07 13:57:24 CST 2014}]','0:0:0:0:0:0:0:1','MATCH','Log',NULL,NULL,0),(99,'7e263793bb2a4ff39d0cc95e5d3cabd71396850259161','2014-04-07 13:57:39',0,'2014-04-07 13:57:39','Archive Match [{id=6, archived=true, guid=\'4736a5002370473f9c3aa05defa7ef4b1396802128809\', createTime=Mon Apr 07 00:35:28 CST 2014}]','0:0:0:0:0:0:0:1','MATCH','Log',NULL,NULL,0),(100,'9063e0dfe87d4ccd828f6abd26ffe3521396850395318','2014-04-07 13:59:55',0,'2014-04-07 13:59:55','Add Match [{id=18, archived=false, guid=\'11b926b8ed0d4de2afd8a894ae1326b31396850395299\', createTime=Mon Apr 07 13:59:55 CST 2014}]','0:0:0:0:0:0:0:1','MATCH','Log',NULL,NULL,0),(101,'e71ab53e6d4042ec8581dd716cf4359c1396850489252','2014-04-07 14:01:29',0,'2014-04-07 14:01:29','Add Match [{id=19, archived=false, guid=\'e5203b1a0fdd4709bbdf9b057a8c6b181396850489243\', createTime=Mon Apr 07 14:01:29 CST 2014}]','0:0:0:0:0:0:0:1','MATCH','Log',NULL,NULL,0),(102,'723460d833cc445789bb318972e322b91396872816486','2014-04-07 20:13:36',0,'2014-04-07 20:13:36','Publish MatchNotice [{id=5, archived=false, guid=\'9f7b54533e264030a64a75bc07aeeca81396761702703\', createTime=Sun Apr 06 13:21:42 CST 2014}]','0:0:0:0:0:0:0:1','MATCH_NOTICE','Log',NULL,NULL,0),(103,'de9dfa3cfb194bd0b5f39e0e99df8eb01396880404535','2014-04-07 22:20:04',0,'2014-04-07 22:20:04','Add Match [{id=21, archived=false, guid=\'f535325c6cb940f98e6e0ecee49641621396880404520\', createTime=Mon Apr 07 22:20:04 CST 2014}]','0:0:0:0:0:0:0:1','MATCH','Log',NULL,NULL,0);
/*!40000 ALTER TABLE `log` ENABLE KEYS */;
UNLOCK TABLES;

--
-- Table structure for table `match_`
--

DROP TABLE IF EXISTS `match_`;
/*!40101 SET @saved_cs_client     = @@character_set_client */;
/*!40101 SET character_set_client = utf8 */;
CREATE TABLE `match_` (
  `id` int(11) NOT NULL AUTO_INCREMENT,
  `guid` varchar(255) NOT NULL,
  `create_time` datetime DEFAULT NULL,
  `archived` tinyint(1) DEFAULT '0',
  `match_time` datetime DEFAULT NULL,
  `home_scores` int(11) DEFAULT NULL,
  `away_scores` int(11) DEFAULT NULL,
  `notice_id` int(11) DEFAULT NULL,
  `season_id` int(11) DEFAULT NULL,
  `opponent_id` int(11) DEFAULT NULL,
  `stadium_id` int(11) DEFAULT NULL,
  `creator_id` int(11) DEFAULT NULL,
  `remark` text,
  `futsal` tinyint(1) DEFAULT '0',
  PRIMARY KEY (`id`),
  UNIQUE KEY `guid` (`guid`),
  KEY `guid_index` (`guid`),
  KEY `notice_id_index` (`notice_id`),
  KEY `stadium_id_index` (`stadium_id`),
  KEY `season_id_index` (`season_id`),
  KEY `creator_id_index` (`creator_id`),
  KEY `opponent_id_index` (`opponent_id`)
) ENGINE=InnoDB AUTO_INCREMENT=22 DEFAULT CHARSET=utf8;
/*!40101 SET character_set_client = @saved_cs_client */;

--
-- Dumping data for table `match_`
--

LOCK TABLES `match_` WRITE;
/*!40000 ALTER TABLE `match_` DISABLE KEYS */;
INSERT INTO `match_` VALUES (4,'4899aa341e614bd6ade3bf29f5b190d51396770434650','2014-04-06 15:47:14',1,'2014-04-06 15:30:00',2,1,4,3,1,1,NULL,'test',0),(5,'a1eac55dc054420a8575320177a1b5c41396772499109','2014-04-06 16:21:39',0,'2014-04-04 10:30:00',2,4,NULL,3,5,2,NULL,'test2',0),(6,'4736a5002370473f9c3aa05defa7ef4b1396802128809','2014-04-07 00:35:28',1,'2014-04-10 14:30:00',3,0,5,2,1,5,NULL,'asfasfd',0),(7,'f46206bc95614086a487a5c4b8d8adc41396806778428','2014-04-07 01:52:58',0,'2014-04-07 14:50:00',3,2,NULL,3,1,6,NULL,'test f55555',1),(8,'c211ea64513e41f4afdd41990a28dcfb1396848196196','2014-04-07 13:23:16',0,'2012-12-09 10:30:00',6,3,NULL,7,7,1,NULL,'2012最后一场.',0),(9,'e2fce68342b04a7c8ed4648b0b515a961396848444930','2014-04-07 13:27:24',0,'2012-12-02 13:30:00',3,3,NULL,7,8,2,NULL,'ok',0),(10,'4513ca7d8c874b04a49bed3a28dbea881396848783861','2014-04-07 13:33:03',0,'2012-11-25 10:30:00',1,1,NULL,7,9,1,NULL,'ff',0),(11,'cf7225f370064276aa32cbcabe48721e1396848999908','2014-04-07 13:36:39',0,'2012-11-04 10:30:00',4,2,NULL,7,11,1,NULL,'ss',0),(12,'db1adf29c37b4d99b51c54dc2c3581db1396849167148','2014-04-07 13:39:27',0,'2012-10-28 13:30:00',10,1,NULL,7,12,1,NULL,'ss',0),(13,'eeb29fbcc9d94571b36a3757635a4a1b1396849589114','2014-04-07 13:46:29',0,'2010-03-06 13:30:00',9,2,NULL,1,38,1,NULL,'sd',0),(14,'3077aace4e224b5a9b56144bd4f5c24c1396849884094','2014-04-07 13:51:24',0,'2010-03-14 10:30:00',5,1,NULL,1,39,2,NULL,'sd',0),(15,'4e8afb95a44d486cb309bc0301922c661396850025648','2014-04-07 13:53:45',0,'2011-06-19 11:00:00',4,1,NULL,2,4,1,NULL,'sd',0),(16,'07078cadf09f4fd68bf91cabd320cd1d1396850118932','2014-04-07 13:55:18',0,'2011-07-02 13:30:00',2,2,NULL,2,37,2,NULL,'sdww',0),(17,'e732d609fe2c47b3935b1fea61fe34d41396850244670','2014-04-07 13:57:24',0,'2011-07-10 10:30:00',6,2,NULL,2,19,1,NULL,'asfd',0),(18,'11b926b8ed0d4de2afd8a894ae1326b31396850395299','2014-04-07 13:59:55',0,'2013-12-22 10:30:00',4,2,NULL,8,8,1,NULL,'asfsd',0),(19,'e5203b1a0fdd4709bbdf9b057a8c6b181396850489243','2014-04-07 14:01:29',0,'2013-12-15 10:30:00',6,3,NULL,8,4,1,NULL,'safsd',0),(21,'f535325c6cb940f98e6e0ecee49641621396880404520','2014-04-07 22:20:04',0,'2014-04-01 10:30:00',0,0,NULL,3,12,1,NULL,'eeee',0);
/*!40000 ALTER TABLE `match_` ENABLE KEYS */;
UNLOCK TABLES;

--
-- Table structure for table `match_notice`
--

DROP TABLE IF EXISTS `match_notice`;
/*!40101 SET @saved_cs_client     = @@character_set_client */;
/*!40101 SET character_set_client = utf8 */;
CREATE TABLE `match_notice` (
  `id` int(11) NOT NULL AUTO_INCREMENT,
  `guid` varchar(255) NOT NULL,
  `create_time` datetime DEFAULT NULL,
  `archived` tinyint(1) DEFAULT '0',
  `time_` datetime DEFAULT NULL,
  `stadium_id` int(11) DEFAULT NULL,
  `opponent_id` int(11) DEFAULT NULL,
  `creator_id` int(11) DEFAULT NULL,
  `remark` text,
  `pending` tinyint(1) DEFAULT '0',
  `match_id` int(11) DEFAULT NULL,
  PRIMARY KEY (`id`),
  UNIQUE KEY `guid` (`guid`),
  KEY `guid_index` (`guid`),
  KEY `stadium_id_index` (`stadium_id`),
  KEY `creator_id_index` (`creator_id`),
  KEY `opponent_id_index` (`opponent_id`)
) ENGINE=InnoDB AUTO_INCREMENT=6 DEFAULT CHARSET=utf8;
/*!40101 SET character_set_client = @saved_cs_client */;

--
-- Dumping data for table `match_notice`
--

LOCK TABLES `match_notice` WRITE;
/*!40000 ALTER TABLE `match_notice` DISABLE KEYS */;
INSERT INTO `match_notice` VALUES (1,'49e8f8e16c6d43b6b497e1719820875d1395417824898','2014-03-22 00:03:44',0,'2014-03-23 10:00:00',1,5,NULL,'穿新球衣. 多传球，少大脚。要争先恐后接球！\r\n',0,NULL),(2,'2728cba7cfab4091b60decd27072b1991395418565360','2014-03-22 00:16:05',0,'2014-03-22 00:10:00',2,2,NULL,'test',0,NULL),(3,'dcfd90c8320b4984877513ba4bca3e1d1395420446599','2014-03-22 00:47:26',1,'2014-03-28 10:30:00',3,2,NULL,'okokk',0,NULL),(4,'7cb4796ad1d34422a1499f58a9da61221396759789125','2014-04-06 12:49:49',0,'2014-04-06 15:30:00',1,1,NULL,'新球衣, ',0,0),(5,'9f7b54533e264030a64a75bc07aeeca81396761702703','2014-04-06 13:21:42',0,'2014-04-10 14:20:00',3,4,NULL,'test',1,NULL);
/*!40000 ALTER TABLE `match_notice` ENABLE KEYS */;
UNLOCK TABLES;

--
-- Table structure for table `match_player`
--

DROP TABLE IF EXISTS `match_player`;
/*!40101 SET @saved_cs_client     = @@character_set_client */;
/*!40101 SET character_set_client = utf8 */;
CREATE TABLE `match_player` (
  `id` int(11) NOT NULL AUTO_INCREMENT,
  `guid` varchar(255) NOT NULL,
  `create_time` datetime DEFAULT NULL,
  `archived` tinyint(1) DEFAULT '0',
  `match_id` int(11) DEFAULT NULL,
  `player_id` int(11) DEFAULT NULL,
  PRIMARY KEY (`id`),
  UNIQUE KEY `guid` (`guid`),
  KEY `guid_index` (`guid`),
  KEY `match_id_index` (`match_id`),
  KEY `player_id_index` (`player_id`)
) ENGINE=InnoDB AUTO_INCREMENT=341 DEFAULT CHARSET=utf8;
/*!40101 SET character_set_client = @saved_cs_client */;

--
-- Dumping data for table `match_player`
--

LOCK TABLES `match_player` WRITE;
/*!40000 ALTER TABLE `match_player` DISABLE KEYS */;
INSERT INTO `match_player` VALUES (1,'a59ef7dec6f740beb271d25a949236511396770434849','2014-04-06 15:47:14',1,4,1),(2,'9281ec105b3c468fa84b06ac337f3df01396770434849','2014-04-06 15:47:14',1,4,2),(3,'8eb1208d79a14dc6ad1bbf87e5d245cd1396770434849','2014-04-06 15:47:14',1,4,3),(4,'3508aaf4d61f445b893e64ba8bdc0c0e1396770434849','2014-04-06 15:47:14',1,4,4),(5,'c363b55438794e3aa2fbd250c1331c691396770434849','2014-04-06 15:47:14',1,4,5),(6,'0e86647a3efa48a79d2e72556dd3150a1396770434849','2014-04-06 15:47:14',1,4,7),(7,'b61a9381804343fabd914b6c8473713d1396770434849','2014-04-06 15:47:14',1,4,8),(8,'5c8a000b128542a6ab0a768b922fb7a11396770434849','2014-04-06 15:47:14',1,4,10),(9,'f42a30c4fdc8454fa202f1249453d8641396770434849','2014-04-06 15:47:14',1,4,11),(10,'c026d946e688454ba34e3ba107d870d01396770434849','2014-04-06 15:47:14',1,4,13),(11,'be61647cb0184dba99386fcd5508adcf1396770434849','2014-04-06 15:47:14',1,4,15),(12,'2982bf51c2ed47dcbe1f4f38d56ccced1396770434849','2014-04-06 15:47:14',1,4,23),(13,'88f70f9c7cac41dbaa871af5b4f427291396770434849','2014-04-06 15:47:14',1,4,25),(14,'775495cbcacb4808ae207bad870970961396772499268','2014-04-06 16:21:39',0,5,1),(15,'f130691478684ab59ff3b9e3f3dd5abf1396772499268','2014-04-06 16:21:39',0,5,3),(16,'5449f9dce6b24e028574ca54e0f49f681396772499268','2014-04-06 16:21:39',0,5,4),(17,'bbe3875b398f44599d215461882eaa1e1396772499268','2014-04-06 16:21:39',0,5,5),(18,'8fff153f5d9148149a8d7fcca712ccef1396772499268','2014-04-06 16:21:39',0,5,21),(19,'c32e325497dc4f65b96ea9fa5c5990bd1396772499268','2014-04-06 16:21:39',0,5,22),(25,'c8913e389ec0474ea75d618669fe56741396802339484','2014-04-07 00:38:59',1,6,1),(26,'7698a58a3635407abad5cd47b3e402891396802339484','2014-04-07 00:38:59',1,6,2),(27,'5bde60b89ff9464fb18cfc1983fc68671396802339484','2014-04-07 00:38:59',1,6,3),(28,'ed51ff4c4be84a39aa00b000a9a2424a1396802339484','2014-04-07 00:38:59',1,6,4),(29,'f8e5edc60b1e4f71909bf161d2c1b6351396802339484','2014-04-07 00:38:59',1,6,5),(30,'5ed293a6ceb44b1b85330f3b7006a84e1396806778439','2014-04-07 01:52:58',0,7,1),(31,'a77299aa6cfe4239aa31fcc6fa30c6401396806778439','2014-04-07 01:52:58',0,7,2),(32,'4c632f2301194a18b371c04d6f822f951396806778439','2014-04-07 01:52:58',0,7,3),(33,'baac0438380b4665946a1591e2e506a71396806778439','2014-04-07 01:52:58',0,7,4),(34,'01ca7a2c368c466097ae7904e7f12dc11396806778439','2014-04-07 01:52:58',0,7,5),(35,'78e5b28b888443b9b9c3a6b7bfe1ad981396806778439','2014-04-07 01:52:58',0,7,6),(36,'f088ff1703c4459b9fe399259c3f44931396806778439','2014-04-07 01:52:58',0,7,7),(37,'5f7994b26d8e4bb1af73ab04800a9fed1396806778439','2014-04-07 01:52:58',0,7,8),(38,'285aaad168c64bee87ecdd5bd863686f1396806778439','2014-04-07 01:52:58',0,7,9),(39,'4181f9d7ff80498d875da40fe7047abb1396806778439','2014-04-07 01:52:58',0,7,10),(40,'ce518160a0d540efb4aed1f39a1d1ec21396806778439','2014-04-07 01:52:58',0,7,11),(41,'5ef4e2f0834e4232aa5b5bd8a0ba87b61396806778439','2014-04-07 01:52:58',0,7,13),(42,'2a424201e6e64b2582026932b201f2ee1396806778439','2014-04-07 01:52:58',0,7,14),(43,'7484c42feb3e40828ae4fdda7cf53c1c1396806778439','2014-04-07 01:52:58',0,7,15),(44,'0a27db4751d84eabb758530dbafb05511396806778439','2014-04-07 01:52:58',0,7,17),(45,'48dd1f0da22c45ce85d01b1d4621cd2f1396806778439','2014-04-07 01:52:58',0,7,18),(46,'00b3c58fa1644d8bbea32c12e1735e821396806778439','2014-04-07 01:52:58',0,7,19),(47,'a7b5525aea3c4d4c8f984abf12490ffd1396806778439','2014-04-07 01:52:58',0,7,20),(48,'e5b83a735367466cbbe083d145e7d5971396806778439','2014-04-07 01:52:58',0,7,21),(49,'780b10da388b4ae8954d749ea47344dd1396806778439','2014-04-07 01:52:58',0,7,22),(50,'e3d3d8f8be554a0d936cd8a0c24f14fb1396806778439','2014-04-07 01:52:58',0,7,23),(51,'10242e161f7544a68769ed463a0945391396806778439','2014-04-07 01:52:58',0,7,24),(52,'314e3bb0b242406e93fa90793cc970b81396806778439','2014-04-07 01:52:58',0,7,25),(67,'b1218fa6a6ce436d83f87650311264dd1396848444939','2014-04-07 13:27:24',0,9,1),(68,'9740dd08af39412da7fa532e5e010a8c1396848444939','2014-04-07 13:27:24',0,9,2),(69,'3a8bf326cb3248abb5cfce5184c63aff1396848444939','2014-04-07 13:27:24',0,9,3),(70,'c0fee398cbd14af2b679cb2a4e18b0c11396848444939','2014-04-07 13:27:24',0,9,4),(71,'c849ebff76f64a54bd1602c94f1d43401396848444939','2014-04-07 13:27:24',0,9,5),(72,'d7f4f8bef04944d49b864580207b32721396848444939','2014-04-07 13:27:24',0,9,6),(73,'48cea22166b84d6384de03e28fb822d51396848444939','2014-04-07 13:27:24',0,9,7),(74,'3635ba4ba8f146b99fa42e2f384a11a71396848444939','2014-04-07 13:27:24',0,9,8),(75,'a0061b8bc52e4795b598f4574de100b91396848444939','2014-04-07 13:27:24',0,9,9),(76,'2a19613ea09f4dfeb2eac06e29cd06041396848444939','2014-04-07 13:27:24',0,9,10),(77,'a0b5c4005aab4aa9ab81d6953aba8d3e1396848444939','2014-04-07 13:27:24',0,9,11),(78,'2e634c923af444cfad46d0f7a8d2cb3e1396848444939','2014-04-07 13:27:24',0,9,13),(79,'0ab05dc1228945c0bb21b79bde882fb11396848444939','2014-04-07 13:27:24',0,9,14),(80,'2199107a9a4a4b7c93cbe96629d267171396848444939','2014-04-07 13:27:24',0,9,21),(81,'de583762103c483fafe4449c14118d8a1396848444939','2014-04-07 13:27:24',0,9,23),(82,'1bfc6c6a0ac8465f88c2a053408cf1e31396848444939','2014-04-07 13:27:24',0,9,24),(83,'02416096092e44509e3a3edd261731af1396848444939','2014-04-07 13:27:24',0,9,25),(84,'706e4a93c27442e4a034c04f0bc49b541396848544458','2014-04-07 13:29:04',0,8,1),(85,'ea66560260084449bf4bc21dbb4b2cff1396848544458','2014-04-07 13:29:04',0,8,2),(86,'226662bca12e42d0a402aeeb874e817c1396848544458','2014-04-07 13:29:04',0,8,3),(87,'30287e3549ab4992bdd1ebac4823e85a1396848544458','2014-04-07 13:29:04',0,8,4),(88,'3c0fc039f6e445a09d0917cc839091291396848544458','2014-04-07 13:29:04',0,8,5),(89,'f6e6803cc2054032a3d8b67d2681a8761396848544458','2014-04-07 13:29:04',0,8,6),(90,'5e9b668a686a4ecdb569ac71c47d584a1396848544458','2014-04-07 13:29:04',0,8,7),(91,'e9acda076ae845288e0f1b2be0002fd71396848544458','2014-04-07 13:29:04',0,8,11),(92,'61abc07970404a3fb80cdf6b64fe67ec1396848544458','2014-04-07 13:29:04',0,8,13),(93,'41b79e4428f240119c7c11cc4b59bcc41396848544458','2014-04-07 13:29:04',0,8,14),(94,'2299b2dec40c4df0aaa8b7a1badbb9641396848544458','2014-04-07 13:29:04',0,8,15),(95,'5404d8d06dbf413ba428fae80b79c3481396848544458','2014-04-07 13:29:04',0,8,21),(96,'61fe2de5dddb453f997e719b9b5f4ed01396848544458','2014-04-07 13:29:04',0,8,23),(97,'de8dc30e087949d08cb463f8af2e04ad1396848544458','2014-04-07 13:29:04',0,8,24),(98,'9ac5ca25d836410b9aae79997e8806361396848783872','2014-04-07 13:33:03',0,10,1),(99,'7036de1135284bd7b21daf668fd0e4f61396848783872','2014-04-07 13:33:03',0,10,2),(100,'aec46476808a45c38cfaf32a11e8363c1396848783872','2014-04-07 13:33:03',0,10,3),(101,'5753f688a6ab4680a5ca0dd364094a4b1396848783872','2014-04-07 13:33:03',0,10,4),(102,'10b7d715e42044aaaa877ba864328c951396848783872','2014-04-07 13:33:03',0,10,5),(103,'c8391787a2bb4c4497e59b2f1593f3c41396848783872','2014-04-07 13:33:03',0,10,6),(104,'8f15da64b648436a88f729a7da63924b1396848783872','2014-04-07 13:33:03',0,10,7),(105,'ec4f82e5dccf4b2389462d3214e9d4ef1396848783872','2014-04-07 13:33:03',0,10,8),(106,'59764da53b8844d7ac5c9a87eb03a6cf1396848783872','2014-04-07 13:33:03',0,10,10),(107,'1f973af3ad52404c825c119fd587a0e01396848783872','2014-04-07 13:33:03',0,10,11),(108,'88c33ec9c12344b0a22bc95bf04967c21396848783872','2014-04-07 13:33:03',0,10,13),(109,'d54615bf5b75404ab6fa3619e5ab90a61396848783872','2014-04-07 13:33:03',0,10,14),(110,'a916516e5fab4c84a1cbf67b1bedc6291396848783872','2014-04-07 13:33:03',0,10,23),(111,'2351e008a61941998d1a5463b821fa4e1396848783872','2014-04-07 13:33:03',0,10,24),(112,'9504ed6316954ea98f2fdfc06233865e1396848783872','2014-04-07 13:33:03',0,10,25),(113,'5d8e2ec56b144ee3b4debe4ca0cbb6891396848999918','2014-04-07 13:36:39',0,11,1),(114,'4a3ddd61aff54fc59c37da4f315369af1396848999918','2014-04-07 13:36:39',0,11,2),(115,'e413b5eb01ff4448b82280ab69f6fd501396848999918','2014-04-07 13:36:39',0,11,3),(116,'d1cb81606c82415aa8c570ebd1671eab1396848999918','2014-04-07 13:36:39',0,11,4),(117,'1396723d89194cd79613afce9e6d912c1396848999918','2014-04-07 13:36:39',0,11,5),(118,'cf79ace5227447a1a3ea9173833bf8001396848999918','2014-04-07 13:36:39',0,11,6),(119,'67df8b1423b8492fb921b2d1936ad9301396848999918','2014-04-07 13:36:39',0,11,7),(120,'ee49bfac9fc34b07a90baaa79a0544c41396848999918','2014-04-07 13:36:39',0,11,8),(121,'700412af29614fbfa0ee38016d3445f11396848999918','2014-04-07 13:36:39',0,11,9),(122,'d30b8f92528849a7b3d67a935cffa3a31396848999918','2014-04-07 13:36:39',0,11,10),(123,'bed06832839a4ea7b71cf008efa78cce1396848999918','2014-04-07 13:36:39',0,11,11),(124,'6198c38f81594ab38993265401964b151396848999918','2014-04-07 13:36:39',0,11,13),(125,'25ed1a5b5c944335b9327b373f1433191396848999919','2014-04-07 13:36:39',0,11,14),(126,'8ca618273cf3461f96962148738b9c661396848999919','2014-04-07 13:36:39',0,11,15),(127,'d7bfa3329c7548c9b49d0f5999972cf31396848999919','2014-04-07 13:36:39',0,11,21),(128,'2534b1e5236d4c70bd6a7da9906600981396848999919','2014-04-07 13:36:39',0,11,22),(129,'cdabea962ac14b22a63584fa887ea45d1396848999919','2014-04-07 13:36:39',0,11,23),(130,'cf7a6223fea44c768a79552df8dc73cc1396848999919','2014-04-07 13:36:39',0,11,24),(131,'15cdd42a0c434312bf8afd05ca583de41396848999919','2014-04-07 13:36:39',0,11,25),(132,'e03cbd1856de47cdb2505108bd7ce1ad1396849167154','2014-04-07 13:39:27',0,12,1),(133,'d616e5d6c67f417dba5f6224f12fdd9d1396849167154','2014-04-07 13:39:27',0,12,2),(134,'3b7b28dffed34691901441b5f633a5a31396849167154','2014-04-07 13:39:27',0,12,3),(135,'36bbe463f2844f57be24277761cfa6461396849167154','2014-04-07 13:39:27',0,12,4),(136,'cf6f6400ac4142c593e2c48275a47f611396849167154','2014-04-07 13:39:27',0,12,5),(137,'3679231b6fd74ecab8e7fd4567a4c23b1396849167154','2014-04-07 13:39:27',0,12,6),(138,'b8a92388caef49668a8ea7f70a5f94571396849167154','2014-04-07 13:39:27',0,12,7),(139,'673f0f83c8e44d05b0e82886790979531396849167154','2014-04-07 13:39:27',0,12,8),(140,'dbd26c7e76024b8286fd7043a4a53b901396849167154','2014-04-07 13:39:27',0,12,9),(141,'d70dfdaa441f44eb85b9e4755df8701f1396849167154','2014-04-07 13:39:27',0,12,10),(142,'6c242fbcaed64bdb91e942c0ceb60fe81396849167154','2014-04-07 13:39:27',0,12,11),(143,'08c1af4b88e64efd8163f5a8f3fd93ea1396849167154','2014-04-07 13:39:27',0,12,13),(144,'71a8b241444340f58ad789b87ec253d71396849167154','2014-04-07 13:39:27',0,12,14),(145,'a0742b09b0cb4c07a11ecb69df84a5c61396849167154','2014-04-07 13:39:27',0,12,15),(146,'9012357736af4743bc0beeb0cee584281396849167154','2014-04-07 13:39:27',0,12,19),(147,'8fc4c4a0cbc3409e89246e96be6ea56c1396849167154','2014-04-07 13:39:27',0,12,20),(148,'c241eed877614b2e951064a5fb720f501396849167154','2014-04-07 13:39:27',0,12,21),(149,'e8363ebe624b4899863233500fd415761396849167154','2014-04-07 13:39:27',0,12,22),(150,'7e27e79727e74850a3ed4fde3723b79e1396849167154','2014-04-07 13:39:27',0,12,23),(151,'7fa91b46ef094df89efb0ce120ba83351396849167154','2014-04-07 13:39:27',0,12,24),(152,'5f8c960fc5fd4f03aa34b8e035b4bff01396849167154','2014-04-07 13:39:27',0,12,25),(153,'868396168db04ac681fde0651696a9401396849167154','2014-04-07 13:39:27',0,12,27),(154,'89f3a0f005844d94b79a1fb34237d0ce1396849589122','2014-04-07 13:46:29',0,13,1),(155,'c950cf8ffbe7499b9feaa26a7a362e171396849589122','2014-04-07 13:46:29',0,13,2),(156,'510dada2383249d48e159e7fed971c1f1396849589122','2014-04-07 13:46:29',0,13,3),(157,'b8054e52d99d44a3abffe4e2379fde1c1396849589122','2014-04-07 13:46:29',0,13,4),(158,'7afb925fde364a52bb56aabc7730434f1396849589122','2014-04-07 13:46:29',0,13,5),(159,'d8efba3937714421bf7481ca84e6444c1396849589122','2014-04-07 13:46:29',0,13,6),(160,'c58bf49354c643b4b821ffbcbcc624f31396849589122','2014-04-07 13:46:29',0,13,7),(161,'7eab1d8dba8a46c19e9ae597e7a56b5e1396849589122','2014-04-07 13:46:29',0,13,8),(162,'c3aeddd8db17417db846144c4ef73c121396849589122','2014-04-07 13:46:29',0,13,9),(163,'a0289818cbe347f4a92969b1822c668a1396849589122','2014-04-07 13:46:29',0,13,10),(164,'68806c11a4ed4f25823bdb064b3d33491396849589122','2014-04-07 13:46:29',0,13,11),(165,'4616e9c9102d4f1a864c4ac0d49737e71396849589122','2014-04-07 13:46:29',0,13,13),(166,'e060d27ba150452ab3d0c7ba6afcf65d1396849589122','2014-04-07 13:46:29',0,13,14),(167,'32bfe091890741ecbc7aff1d59529a811396849589122','2014-04-07 13:46:29',0,13,21),(168,'49563e284e4a4b9fbaa4a3b66c5decf81396849589122','2014-04-07 13:46:29',0,13,22),(169,'24788822a00b49c58c57303232e3f6461396849589122','2014-04-07 13:46:29',0,13,23),(170,'b6b7adfd8dc84bc88a9b508f173f99871396849589123','2014-04-07 13:46:29',0,13,24),(171,'fd68eeb86f1d444ab8438341762e12841396849589123','2014-04-07 13:46:29',0,13,25),(172,'e8f6d08725344acba550a97a46d0ed631396849884101','2014-04-07 13:51:24',0,14,1),(173,'fab821e156814cd0af8daa9bbd3337ab1396849884101','2014-04-07 13:51:24',0,14,2),(174,'777e205b6f9f41caa747d4c053fb46741396849884101','2014-04-07 13:51:24',0,14,3),(175,'e5af326cb8624534a0ac3c1f1f7a1c821396849884101','2014-04-07 13:51:24',0,14,4),(176,'63c11c099a944c7da4f83d274ffef84c1396849884101','2014-04-07 13:51:24',0,14,5),(177,'8bf2c28795d643c18d21a146eeb098ab1396849884101','2014-04-07 13:51:24',0,14,6),(178,'203b7050862b45a79f2d117f730a26621396849884101','2014-04-07 13:51:24',0,14,7),(179,'07d72f0e6f6b49e2831d154f4d95743e1396849884101','2014-04-07 13:51:24',0,14,8),(180,'16b83263af5640de8cc7720b9c57e70b1396849884101','2014-04-07 13:51:24',0,14,9),(181,'5e2c6ef654b44b679d89ef898e1b06a21396849884101','2014-04-07 13:51:24',0,14,10),(182,'54f458d7d2b940138b3cc5d246f00c2a1396849884101','2014-04-07 13:51:24',0,14,11),(183,'5d47b7fe6a7c44039fb3ab900fe75d5b1396849884101','2014-04-07 13:51:24',0,14,13),(184,'588d5f4477404220841ed86137d544de1396849884101','2014-04-07 13:51:24',0,14,14),(185,'8ecad7167b4249e589c9638a7adc1ceb1396849884101','2014-04-07 13:51:24',0,14,23),(186,'2afe9aac903d4a2cb8b310c86edfe3ec1396849884101','2014-04-07 13:51:24',0,14,24),(187,'45b08b4067804ce398d5e02e316440bd1396849884101','2014-04-07 13:51:24',0,14,25),(188,'26427637032f4449b9afab259097709f1396850025654','2014-04-07 13:53:45',0,15,1),(189,'0c8571792565461398ba13f2faf33ef01396850025654','2014-04-07 13:53:45',0,15,2),(190,'0a31ca30bd9546c8840e331dc6d7fecc1396850025654','2014-04-07 13:53:45',0,15,3),(191,'c34414891abe4a188adb93d396e810b11396850025654','2014-04-07 13:53:45',0,15,4),(192,'b374c1347a4c4cf18624d54a68cbf7381396850025654','2014-04-07 13:53:45',0,15,5),(193,'9504a24c869d436594a52708cef23d021396850025654','2014-04-07 13:53:45',0,15,6),(194,'a9116a8b02424a5cb162b3e451e2e74a1396850025654','2014-04-07 13:53:45',0,15,7),(195,'88acaeca525c499fa342f2df490cd6311396850025654','2014-04-07 13:53:45',0,15,8),(196,'0f7ab5a777694b7ca62d6bd8ce76a2601396850025654','2014-04-07 13:53:45',0,15,9),(197,'2dacbedf89c647af8b2245e7720b138b1396850025654','2014-04-07 13:53:45',0,15,10),(198,'d2be89f8d2a145cfb27c9e59e69a10961396850025654','2014-04-07 13:53:45',0,15,11),(199,'31dcc833c66247c19b570f1ad5b344f91396850025654','2014-04-07 13:53:45',0,15,13),(200,'05d4da4fdba0456bae34edd20f8df4791396850025654','2014-04-07 13:53:45',0,15,14),(201,'7ba5dd4af3264b548bebbab677cbcd0f1396850025655','2014-04-07 13:53:45',0,15,15),(202,'962b8e20acab464c8bc07b13c5d2a7411396850025655','2014-04-07 13:53:45',0,15,19),(203,'01597d53cc5d452393b2b498568d61d51396850025655','2014-04-07 13:53:45',0,15,23),(204,'615402ff89c44658b0203ed138c3f9bc1396850025655','2014-04-07 13:53:45',0,15,24),(205,'2ac853b17e9d44c4b023568dd0a9da3f1396850025655','2014-04-07 13:53:45',0,15,25),(206,'113079bed21f437f9cc3a93b67a7052f1396850025655','2014-04-07 13:53:45',0,15,27),(207,'0cc8e060a2604d9890433c38544b01361396850118939','2014-04-07 13:55:18',0,16,1),(208,'7b6a488ec38f47c69f0bcec76d7087771396850118939','2014-04-07 13:55:18',0,16,2),(209,'480a1d0a73ad44fb8b471855b0288a4a1396850118939','2014-04-07 13:55:18',0,16,3),(210,'1f99d051010b43d38e1e2453f8e3fedc1396850118939','2014-04-07 13:55:18',0,16,4),(211,'5b10363a698646a696a2c2cac5f9c84e1396850118939','2014-04-07 13:55:18',0,16,5),(212,'a49a21d846e94367b9f9b8a7abb0d1ab1396850118939','2014-04-07 13:55:18',0,16,6),(213,'31f74b2c1ed449b48bc514007b713e711396850118939','2014-04-07 13:55:18',0,16,7),(214,'d7a9d26199e44596aa1703fcf52661f51396850118939','2014-04-07 13:55:18',0,16,8),(215,'b66dd6018be04758a5d71d52285fa6aa1396850118939','2014-04-07 13:55:18',0,16,9),(216,'2aafa378e4e449b5b410ffe0db59a6b81396850118939','2014-04-07 13:55:18',0,16,10),(217,'c50fecfe19b24e79af5ce8550393bd301396850118939','2014-04-07 13:55:18',0,16,11),(218,'35db4ebd5ea346b7ae29b8f7a0984b571396850118939','2014-04-07 13:55:18',0,16,13),(219,'2a9a9bfe38e5433d8b9ad38844fb0ae71396850118939','2014-04-07 13:55:18',0,16,14),(220,'efc47b5fdff9445b90d5bdbe10606c511396850118939','2014-04-07 13:55:18',0,16,19),(221,'3859e86ca02346edb603dff3a8e92a911396850118939','2014-04-07 13:55:18',0,16,20),(222,'2ade5dfe8a0a4004b2a8a0c162aeb5271396850118939','2014-04-07 13:55:18',0,16,21),(223,'e87d2910a2ad48099ee66b9ac349a6961396850118939','2014-04-07 13:55:18',0,16,22),(224,'14f740548548476cb07068f3a4074c261396850118939','2014-04-07 13:55:18',0,16,23),(225,'8846c738d76a485fb405fe82cd75f1a11396850118939','2014-04-07 13:55:18',0,16,24),(226,'4b5666b27a6d4530b0156691a99b1d2e1396850118939','2014-04-07 13:55:18',0,16,25),(227,'1f13389b7d1e413da2b3d7444583c8c71396850118939','2014-04-07 13:55:18',0,16,27),(228,'a748e5d1a87e42c5b1fbd9a9e94dd53c1396850244676','2014-04-07 13:57:24',0,17,1),(229,'5e9daf54eddf46a59700a8d7296504bd1396850244676','2014-04-07 13:57:24',0,17,2),(230,'e5a47d6b713348249efad343d4d2c2491396850244676','2014-04-07 13:57:24',0,17,3),(231,'10a66a3b430748d392ebc060453f6d131396850244676','2014-04-07 13:57:24',0,17,4),(232,'d381f9ab8cba4284a8ef4717dcacc99b1396850244676','2014-04-07 13:57:24',0,17,5),(233,'a124d538c43c4354898679dec6f2abac1396850244676','2014-04-07 13:57:24',0,17,6),(234,'019ea219e6ae4f25a2b7c93d91934ff21396850244676','2014-04-07 13:57:24',0,17,7),(235,'c4bb7e07871c4dbbae6ee544c1d5cb5f1396850244676','2014-04-07 13:57:24',0,17,8),(236,'cd242982c0a6443a9905f141b90126ee1396850244676','2014-04-07 13:57:24',0,17,9),(237,'af3522e71b1249669164215d492fbf011396850244676','2014-04-07 13:57:24',0,17,10),(238,'24f9dd168ab842ce82923cbf4085e05a1396850244676','2014-04-07 13:57:24',0,17,11),(239,'903e3df6f5734e9db8dbf14cdc0f07711396850244676','2014-04-07 13:57:24',0,17,13),(240,'3f23dbe5c43b45c784109be12fb62df11396850244676','2014-04-07 13:57:24',0,17,14),(241,'fc0ebe848a744f36a2136702733a51a71396850244676','2014-04-07 13:57:24',0,17,20),(242,'33f019c682724b8e8b61563b09bea1c41396850244676','2014-04-07 13:57:24',0,17,21),(243,'be6e665b56cb4e6797dc7f90d408aa441396850244676','2014-04-07 13:57:24',0,17,22),(244,'2408593d2a854cd0b5972723fb8b05d41396850244676','2014-04-07 13:57:24',0,17,23),(245,'d7cef1bdef3e4b01897c004b890bf68c1396850244676','2014-04-07 13:57:24',0,17,24),(246,'3e4683e28a234559af8cff8ea58398ae1396850244676','2014-04-07 13:57:24',0,17,25),(247,'b27705cec2d546d8ac471262d9560e931396850244676','2014-04-07 13:57:24',0,17,26),(248,'1e69a595d91d4e3291e29de6cbbf3cff1396850244676','2014-04-07 13:57:24',0,17,27),(249,'f9401c6b6fb8465eb927e2d873c384921396850244676','2014-04-07 13:57:24',0,17,28),(250,'49e356b8531147c4bfab04eb538f22f21396850244676','2014-04-07 13:57:24',0,17,29),(251,'fb7bbcf29da647c09172c4dcf6c8aa551396850395314','2014-04-07 13:59:55',0,18,1),(252,'20290944ab324c778f1451358bfa57b81396850395314','2014-04-07 13:59:55',0,18,2),(253,'205989713ccd42c4a51031a32fb4aaec1396850395314','2014-04-07 13:59:55',0,18,3),(254,'bd2fb0708ea64dc586620194dd574bb01396850395314','2014-04-07 13:59:55',0,18,4),(255,'5755dabce3f94f45beb7f1a147542c811396850395314','2014-04-07 13:59:55',0,18,5),(256,'e4fb416850b24779b2d8fc537ae42c291396850395314','2014-04-07 13:59:55',0,18,6),(257,'61142f0fb310417d82800ef3ad3842231396850395314','2014-04-07 13:59:55',0,18,7),(258,'7a6e36f89d8a40de9eeb14c427c1e2891396850395314','2014-04-07 13:59:55',0,18,8),(259,'830a60b85a474082b3ca1e74cec91b011396850395314','2014-04-07 13:59:55',0,18,9),(260,'2f7fe19316c14074ad24f8fbcf7602931396850395314','2014-04-07 13:59:55',0,18,10),(261,'017c3ba356b9440fa67e21b57a9a24a91396850395314','2014-04-07 13:59:55',0,18,11),(262,'c3446d2fac044c9fb00880e486a5a12c1396850395314','2014-04-07 13:59:55',0,18,13),(263,'57401b7cd49e44588d5dcb83d69fac041396850395314','2014-04-07 13:59:55',0,18,14),(264,'5300fd44fb5b43b993d1bdb2f6626a2c1396850395314','2014-04-07 13:59:55',0,18,15),(265,'c1f2b2a471aa4ee885e49e22a7782e601396850395314','2014-04-07 13:59:55',0,18,17),(266,'1babec84f0a04d2cb4c1d1f10560266c1396850395314','2014-04-07 13:59:55',0,18,18),(267,'30da8f8b309941edacdcebe68cd02bde1396850395314','2014-04-07 13:59:55',0,18,19),(268,'31391385419d448ea205b24eb934a4b01396850395314','2014-04-07 13:59:55',0,18,20),(269,'f66339a524284e39bbfef496fcfc79831396850395314','2014-04-07 13:59:55',0,18,21),(270,'6616a2b044e24c898e59e4bef2680e4b1396850395314','2014-04-07 13:59:55',0,18,22),(271,'beabc57bdcb641f98474d6273f9e6a321396850395314','2014-04-07 13:59:55',0,18,23),(272,'5bb67d70ebe54556aecdc6448bfc318b1396850395314','2014-04-07 13:59:55',0,18,24),(273,'95e3580696b34c0fbc6a7f2e4d6d72121396850395314','2014-04-07 13:59:55',0,18,25),(274,'67baa8acb59943b09adbee18db9098131396850395314','2014-04-07 13:59:55',0,18,26),(275,'40f292700f7c45a6943ededa8dd14ade1396850395314','2014-04-07 13:59:55',0,18,27),(276,'4385df3d661741d3a9bd65a7576b43e11396850395314','2014-04-07 13:59:55',0,18,28),(277,'a06cf63d602c4415bcd3b41f168d81a71396850395314','2014-04-07 13:59:55',0,18,29),(278,'857bd5f4c8e7410190dcdf342c618bb31396850489249','2014-04-07 14:01:29',0,19,1),(279,'0f6947ee97114b0685843496d693ba0d1396850489249','2014-04-07 14:01:29',0,19,2),(280,'977efa80f0a649bfa8c0872669ed60021396850489249','2014-04-07 14:01:29',0,19,3),(281,'4ec7e8ca350b4e2e93018a373683a7051396850489249','2014-04-07 14:01:29',0,19,4),(282,'84a2c7931fed417db3e5feda8601eeea1396850489249','2014-04-07 14:01:29',0,19,5),(283,'7992d5b34b9c455f94849cec4fb9e32e1396850489249','2014-04-07 14:01:29',0,19,6),(284,'0e7750e92f62410c9d7a63caaeb21b221396850489249','2014-04-07 14:01:29',0,19,7),(285,'a9a4257cc7ad46b588dda140966609a81396850489249','2014-04-07 14:01:29',0,19,8),(286,'2665a5df700d4de2bf0adcaddebb62ad1396850489249','2014-04-07 14:01:29',0,19,9),(287,'593b95f948c441e7a8a082bc76f7fdfa1396850489249','2014-04-07 14:01:29',0,19,10),(288,'ee41751b71c34c64bf80f9a762991f211396850489249','2014-04-07 14:01:29',0,19,11),(289,'1754532f5d654bfb9687d88be08e3f961396850489249','2014-04-07 14:01:29',0,19,13),(290,'cf16cdbb064b4aa5909ec59999df2b2c1396850489249','2014-04-07 14:01:29',0,19,14),(291,'76fdfb281bfe445d95fe7d96fbe6062f1396850489249','2014-04-07 14:01:29',0,19,15),(292,'2be300db30164d2a9b09fd56386de4851396850489249','2014-04-07 14:01:29',0,19,19),(293,'56cc12acd34e47d9885c277fa2277cb01396850489249','2014-04-07 14:01:29',0,19,20),(294,'aef03d86fe994171a0d88daf01a723ad1396850489249','2014-04-07 14:01:29',0,19,21),(295,'fe8167bb1b8a40a88b7e3612cc8b8d121396850489249','2014-04-07 14:01:29',0,19,22),(296,'d24f5401f6944647ba20eefe32dd11b01396850489249','2014-04-07 14:01:29',0,19,23),(297,'33ee4e65ecde4493a6b60c5aee1249f71396850489249','2014-04-07 14:01:29',0,19,24),(298,'3d25a17617964bfba48065bd9f8970221396850489249','2014-04-07 14:01:29',0,19,25),(320,'835a7c64726d4a2a8693a1d490db92891396880404529','2014-04-07 22:20:04',0,21,1),(321,'dd551b627ad04f3f9e05ae6bec7474581396880404529','2014-04-07 22:20:04',0,21,2),(322,'a621a88b0504476a8a70d5ed7dfa49731396880404529','2014-04-07 22:20:04',0,21,3),(323,'248b6e60b6bd4912ac92e3165561a0ac1396880404529','2014-04-07 22:20:04',0,21,4),(324,'9f72994dca604dc796b99cf4afcb533a1396880404529','2014-04-07 22:20:04',0,21,5),(325,'6a447684ba5b49ceb6b4e2bc079db7281396880404529','2014-04-07 22:20:04',0,21,6),(326,'22ece4a95d804931a318046eeb7224ac1396880404529','2014-04-07 22:20:04',0,21,7),(327,'1b313496874648f29fd12bbb01a19c141396880404529','2014-04-07 22:20:04',0,21,8),(328,'02544ac32e61438c892f7194205a897d1396880404529','2014-04-07 22:20:04',0,21,9),(329,'7a785f86aa80439bbd0e0911348955ee1396880404529','2014-04-07 22:20:04',0,21,10),(330,'6698bcf747f1461f946f2b40331319ed1396880404529','2014-04-07 22:20:04',0,21,11),(331,'793f51f905d44882a3764231ba49ad731396880404529','2014-04-07 22:20:04',0,21,13),(332,'e4872997078e47eaace3c3391a47f7ec1396880404529','2014-04-07 22:20:04',0,21,14),(333,'98e62112e41d48bb9fec9cff665b46b81396880404529','2014-04-07 22:20:04',0,21,15),(334,'eca2b5c3f2cc4d4d822cedc08ef2f0321396880404529','2014-04-07 22:20:04',0,21,19),(335,'78d8c8c9029f4488b412b0399c677d041396880404529','2014-04-07 22:20:04',0,21,20),(336,'3b14c198ba66405a9508faa6b279d9761396880404529','2014-04-07 22:20:04',0,21,21),(337,'c43dcb83cf18410495569cb9b437786b1396880404529','2014-04-07 22:20:04',0,21,23),(338,'d95001beccc14d06836becab5d6142211396880404529','2014-04-07 22:20:04',0,21,24),(339,'30f3adcbc9404c9b9d3ae889c61c8b101396880404529','2014-04-07 22:20:04',0,21,25),(340,'4591157377134d9c9088748f9024e7b31396880404529','2014-04-07 22:20:04',0,21,27);
/*!40000 ALTER TABLE `match_player` ENABLE KEYS */;
UNLOCK TABLES;

--
-- Table structure for table `player`
--

DROP TABLE IF EXISTS `player`;
/*!40101 SET @saved_cs_client     = @@character_set_client */;
/*!40101 SET character_set_client = utf8 */;
CREATE TABLE `player` (
  `id` int(11) NOT NULL AUTO_INCREMENT,
  `guid` varchar(255) NOT NULL,
  `create_time` datetime DEFAULT NULL,
  `archived` tinyint(1) DEFAULT '0',
  `captain` tinyint(1) DEFAULT '0',
  `full_name` varchar(255) DEFAULT NULL,
  `email` varchar(255) DEFAULT NULL,
  `phone` varchar(255) DEFAULT NULL,
  `entry_date` date DEFAULT NULL,
  `birthday` date DEFAULT NULL,
  `position_` varchar(255) DEFAULT NULL,
  PRIMARY KEY (`id`),
  UNIQUE KEY `guid` (`guid`),
  KEY `guid_index` (`guid`)
) ENGINE=InnoDB AUTO_INCREMENT=30 DEFAULT CHARSET=utf8;
/*!40101 SET character_set_client = @saved_cs_client */;

--
-- Dumping data for table `player`
--

LOCK TABLES `player` WRITE;
/*!40000 ALTER TABLE `player` DISABLE KEYS */;
INSERT INTO `player` VALUES (1,'784c88b8abe94a7ab9b0da5b14ced8e31395241303205','2014-03-19 23:01:43',0,0,'李胜钊','shengzhao@shengzhaoli.com','13308231107','2011-06-19','1987-01-18','SW'),(2,'2449ec5f2654460b89587e618f32c9211395241482990','2014-03-19 23:04:42',0,0,'刘杨','kuangyawen@wdcy.cc','028-6553686723','2009-01-16','2014-03-13','LB'),(3,'3d5eea84753547cbba2c92d8bc1696a11395242309493','2014-03-19 23:18:29',0,1,'郑醒','','',NULL,'2014-02-05','AMF'),(4,'26ea0ef92a0943ed8fd5b40ad03667041395242583285','2014-03-19 23:23:03',0,0,'吴东','','',NULL,NULL,'CF'),(5,'222aa5d4dae24120a58d5b84ea3f99de1395242616871','2014-03-19 23:23:36',0,0,'汤坤','','',NULL,NULL,'LW'),(6,'70865276720a40ca870c16bcfc4227901395242644098','2014-03-19 23:24:04',0,0,'曾智敏','','','2010-02-10',NULL,'GK'),(7,'df998c21d6d8490cbfc1c2e138f187801395242718779','2014-03-19 23:25:18',0,0,'代力韬','','','2011-07-15',NULL,'CB'),(8,'8a57ab953c6c4ed7b551cc617a123ce41395242764204','2014-03-19 23:26:04',0,0,'夏竹','','',NULL,NULL,'RB'),(9,'602bf166b9e1426eb4f8244b6d0370741395243084494','2014-03-19 23:31:24',0,0,'蒋文军','','',NULL,NULL,'LW'),(10,'54c014ca2f424de6bb2c6e54eb68681a1395243105748','2014-03-19 23:31:45',0,0,'梁晓飞','','',NULL,NULL,'DMF'),(11,'abf7326d9aff430b9c1f1842c012e80a1395243123433','2014-03-19 23:32:03',0,0,'王国强','','',NULL,NULL,'DMF'),(12,'ad95539b5f3443bbb90680bcc53c88ff1395243269742','2014-03-19 23:34:29',1,0,'谭锐','','',NULL,NULL,'DMF'),(13,'3ca95a4b52cf44b192d385bce9c68b961395243287997','2014-03-19 23:34:47',0,0,'刘鑫','','13076060555',NULL,NULL,'CB'),(14,'52408c8dfbb24ecea69fadf3c5ba2b0e1395243324086','2014-03-19 23:35:24',0,0,'查尔斯','','',NULL,NULL,'RW'),(15,'471461dead954cd0971e075f91d9f9f41395243925569','2014-03-19 23:45:25',0,0,'贺翔','dengrui@wdcy.cc','',NULL,NULL,'RB'),(16,'c8cc8c560b5047e8a98ecdd183cb91651395407496386','2014-03-21 21:11:36',1,0,'Li','wli@hy.com','13308231107','2014-03-07','2014-02-26','CB'),(17,'facb550aa0d3425c8ef9f8ebe4e3eb7e1395468959072','2014-03-22 14:15:59',0,0,'付安','asdfsdf@sd.com','12323444','2014-02-25','2014-02-25','DMF'),(18,'8929116fe83c4329a89b93afaaab71f51395468993060','2014-03-22 14:16:33',0,0,'高博','','',NULL,NULL,'RB'),(19,'0af932498376420697743f64a91547471395469013127','2014-03-22 14:16:53',0,0,'Jason','','',NULL,NULL,'DMF'),(20,'f3af5464332c4b289410c4e513e5fd321395469034757','2014-03-22 14:17:14',0,0,'刘唱','','',NULL,NULL,'RB'),(21,'f581ebadcbaf40dc90b191153029649f1395469054155','2014-03-22 14:17:34',0,0,'李少山','','',NULL,NULL,'CF'),(22,'720076adb140494d92000c449e364d431395469072583','2014-03-22 14:17:52',0,0,'李涛','','',NULL,NULL,'AMF'),(23,'449e9722bc3c4fa59e939c651aa29d711395469124168','2014-03-22 14:18:44',0,0,'覃锐','','',NULL,NULL,'DMF'),(24,'2eb689735e96441e989acbe02b9bc4bc1395469157769','2014-03-22 14:19:17',0,0,'王敏','','',NULL,NULL,'LW'),(25,'2a817e1ed23a4e8cbf4c2133573391401395469180419','2014-03-22 14:19:40',0,0,'谢佳','','',NULL,NULL,'CB'),(26,'75f9d5854bc240a7b73361a74d8142fb1396848237422','2014-04-07 13:23:57',0,0,'涂朝鑫','','',NULL,NULL,'AMF'),(27,'74870af22e9b4cb384966ca086cb10921396849025378','2014-04-07 13:37:05',0,0,'唐燕琦','','',NULL,NULL,'RB'),(28,'096398c686ff4c5b92ec07c30b76da9c1396849612600','2014-04-07 13:46:52',0,0,'张天云','','',NULL,NULL,'RW'),(29,'64d799ec5eb0485997d5bca5f631c5771396850154512','2014-04-07 13:55:54',0,0,'郭洪涛','','',NULL,NULL,'RB');
/*!40000 ALTER TABLE `player` ENABLE KEYS */;
UNLOCK TABLES;

--
-- Table structure for table `season`
--

DROP TABLE IF EXISTS `season`;
/*!40101 SET @saved_cs_client     = @@character_set_client */;
/*!40101 SET character_set_client = utf8 */;
CREATE TABLE `season` (
  `id` int(11) NOT NULL AUTO_INCREMENT,
  `guid` varchar(255) NOT NULL,
  `create_time` datetime DEFAULT NULL,
  `archived` tinyint(1) DEFAULT '0',
  `name_` varchar(255) DEFAULT NULL,
  `start` date DEFAULT NULL,
  `end_` date DEFAULT NULL,
  `remark` text,
  PRIMARY KEY (`id`),
  UNIQUE KEY `guid` (`guid`),
  KEY `guid_index` (`guid`)
) ENGINE=InnoDB AUTO_INCREMENT=9 DEFAULT CHARSET=utf8;
/*!40101 SET character_set_client = @saved_cs_client */;

--
-- Dumping data for table `season`
--

LOCK TABLES `season` WRITE;
/*!40000 ALTER TABLE `season` DISABLE KEYS */;
INSERT INTO `season` VALUES (1,'d24421e6c20c4416b0e0e88606e7892a1394940385751','2014-03-16 11:26:25',0,'2010 赛季','2010-01-01','2010-12-31','vb'),(2,'4976c10292074f5f90f247ba48d997081394940446493','2014-03-16 11:27:26',0,'2011 赛季','2011-01-01','2011-12-31','2011年的.'),(3,'6cbed058e1f342209c4a04e9010e88cf1394941233877','2014-03-16 11:40:33',0,'2014 赛季','2014-01-01','2014-12-31','多传球,少大脚.'),(4,'bb0e4e3affb6481ebe2a97f87ee9e98d1394941286848','2014-03-16 11:41:26',0,'2015 赛季','2015-01-01','2015-12-31','cheer up我们的进步之年, 必须雄起.也是.'),(5,'3de4c86c4e1e4a27ab5094aeacc0a91c1394941656567','2014-03-16 11:47:36',1,'afssdf','2014-03-13','2014-03-26','asfs结束日期建议为每年的最后一天, 格式: yyyy-MM-dd.写点对这赛季的展望或总结等.开始日期建议为每年的第一天, 格式: yyyy-MM-dd.\r\n\r\n结束日期'),(6,'cb145b3e88804f64b7a3a9290e0b39b11394973283935','2014-03-16 20:34:43',1,'asfeweeee','2014-02-26','2014-03-22','asfsfd'),(7,'2fc517373e11439489fb05b981befe5a1396807418874','2014-04-07 02:03:38',0,'2012 赛季','2012-01-01','2012-12-31','2012'),(8,'99b92d2c0eee4455943d7ee719650af41396807444521','2014-04-07 02:04:04',0,'2013 赛季','2013-01-01','2013-12-31','2013');
/*!40000 ALTER TABLE `season` ENABLE KEYS */;
UNLOCK TABLES;

--
-- Table structure for table `stadium`
--

DROP TABLE IF EXISTS `stadium`;
/*!40101 SET @saved_cs_client     = @@character_set_client */;
/*!40101 SET character_set_client = utf8 */;
CREATE TABLE `stadium` (
  `id` int(11) NOT NULL AUTO_INCREMENT,
  `guid` varchar(255) NOT NULL,
  `create_time` datetime DEFAULT NULL,
  `archived` tinyint(1) DEFAULT '0',
  `name_` varchar(255) DEFAULT NULL,
  `address` varchar(255) DEFAULT NULL,
  `contact` varchar(255) DEFAULT NULL,
  `home_stadium` tinyint(1) DEFAULT '0',
  `remark` text,
  PRIMARY KEY (`id`),
  UNIQUE KEY `guid` (`guid`),
  KEY `guid_index` (`guid`)
) ENGINE=InnoDB AUTO_INCREMENT=7 DEFAULT CHARSET=utf8;
/*!40101 SET character_set_client = @saved_cs_client */;

--
-- Dumping data for table `stadium`
--

LOCK TABLES `stadium` WRITE;
/*!40000 ALTER TABLE `stadium` DISABLE KEYS */;
INSERT INTO `stadium` VALUES (1,'0ff5cc3703514b27ac9f992b1868d84e1395152530457','2014-03-18 22:22:10',0,'太平寺2号场地','大件路三环路旁边','老唐',1,'Home stadium098'),(2,'4f256dde97cb47e39c1adb1d4499974a1395152658862','2014-03-18 22:24:18',0,'太平寺3号场地','大件路三环路旁边','老唐',0,'xxx'),(3,'1bc8c6f8ba3d40c1922282db5315fc8e1395152770070','2014-03-18 22:26:10',0,'川大磨子桥球场1','一环路, 红瓦寺1','xxxx1',0,'xxxx1'),(4,'ab598e49e65440e0bf13b7567aa9440b1395153283338','2014-03-18 22:34:43',1,'asdf','ssfdsdffdssdf','asdfds',0,'sfsdfasddsfdsf'),(5,'3d238aea004b4a13bc58617e14b06ba81395468802320','2014-03-22 14:13:22',0,'太平寺4号场地','大件路三环路旁边','老唐',0,'xxxx'),(6,'9efad1098e5349edae682922e40c2c241395468839073','2014-03-22 14:13:59',0,'民院球场','一环路南三段','李四 13300231117(手机) 87658767(QQ号)',0,'xxx');
/*!40000 ALTER TABLE `stadium` ENABLE KEYS */;
UNLOCK TABLES;

--
-- Table structure for table `user_`
--

DROP TABLE IF EXISTS `user_`;
/*!40101 SET @saved_cs_client     = @@character_set_client */;
/*!40101 SET character_set_client = utf8 */;
CREATE TABLE `user_` (
  `id` int(11) NOT NULL AUTO_INCREMENT,
  `guid` varchar(255) NOT NULL,
  `create_time` datetime DEFAULT NULL,
  `archived` tinyint(1) DEFAULT '0',
  `password` varchar(255) NOT NULL,
  `username` varchar(255) NOT NULL,
  `user_role` varchar(255) NOT NULL,
  `type_` varchar(255) NOT NULL DEFAULT 'User',
  `status` varchar(255) NOT NULL DEFAULT 'ENABLED',
  `default_user` tinyint(1) DEFAULT '0',
  `last_login_time` datetime DEFAULT NULL,
  `others` text,
  `player_id` int(11) DEFAULT NULL,
  PRIMARY KEY (`id`),
  UNIQUE KEY `guid` (`guid`),
  UNIQUE KEY `username` (`username`),
  KEY `guid_index` (`guid`),
  KEY `player_id_index` (`player_id`)
) ENGINE=InnoDB AUTO_INCREMENT=22 DEFAULT CHARSET=utf8;
/*!40101 SET character_set_client = @saved_cs_client */;

--
-- Dumping data for table `user_`
--

LOCK TABLES `user_` WRITE;
/*!40000 ALTER TABLE `user_` DISABLE KEYS */;
INSERT INTO `user_` VALUES (21,'29f6004fb1b0466f9572b02bf2ac1be8','2014-03-18 23:08:52',0,'ed30a0f893f2fc70733490d9b6ec202f','admin','ADMIN','User','ENABLED',1,NULL,NULL,NULL);
/*!40000 ALTER TABLE `user_` ENABLE KEYS */;
UNLOCK TABLES;
/*!40103 SET TIME_ZONE=@OLD_TIME_ZONE */;

/*!40101 SET SQL_MODE=@OLD_SQL_MODE */;
/*!40014 SET FOREIGN_KEY_CHECKS=@OLD_FOREIGN_KEY_CHECKS */;
/*!40014 SET UNIQUE_CHECKS=@OLD_UNIQUE_CHECKS */;
/*!40101 SET CHARACTER_SET_CLIENT=@OLD_CHARACTER_SET_CLIENT */;
/*!40101 SET CHARACTER_SET_RESULTS=@OLD_CHARACTER_SET_RESULTS */;
/*!40101 SET COLLATION_CONNECTION=@OLD_COLLATION_CONNECTION */;
/*!40111 SET SQL_NOTES=@OLD_SQL_NOTES */;

-- Dump completed on 2014-04-12  0:21:48
